,actions-input,rewards
0,5,0.0
1,6,0.0
2,4,0.0
3,0,0.0
4,0,0.0
5,4,0.0
6,4,0.0
7,8,0.0
8,3,0.0
9,3,0.0
10,1,0.0
11,8,0.0
12,2,0.0
13,4,0.0
14,6,0.0
15,5,0.0
16,1,0.0
17,8,0.0
18,5,0.0
19,7,0.0
20,5,0.0
21,4,0.0
22,2,0.0
23,7,0.0
24,2,0.0
25,4,0.0
26,0,0.0
27,2,0.0
28,3,0.0
29,7,0.0
30,8,0.0
31,7,0.0
32,4,0.0
33,1,0.0
34,7,0.0
35,5,0.0
36,1,0.0
37,5,0.0
38,4,0.0
39,4,0.0
40,5,0.0
41,0,0.0
42,2,0.0
43,7,0.0
44,0,0.0
45,4,0.0
46,0,0.0
47,1,0.0
48,4,0.0
49,3,0.0
50,8,0.0
51,4,0.0
52,1,0.0
53,1,0.0
54,7,0.0
55,0,0.0
56,4,0.0
57,1,0.0
58,8,0.0
59,3,0.0
60,6,0.0
61,6,0.0
62,2,0.0
63,1,0.0
64,5,0.0
65,4,0.0
66,0,0.0
67,0,0.0
68,0,0.0
69,6,0.0
70,1,0.0
71,0,0.0
72,0,0.0
73,8,0.0
74,5,0.0
75,0,0.0
76,4,0.0
77,7,0.0
78,4,0.0
79,4,0.0
80,6,0.0
81,2,0.0
82,7,0.0
83,7,0.0
84,0,0.0
85,1,10.0
86,0,0.0
87,5,0.0
88,0,0.0
89,7,0.0
90,1,0.0
91,2,10.0
92,3,0.0
93,0,0.0
94,3,0.0
95,4,0.0
96,1,0.0
97,4,0.0
98,5,0.0
99,2,0.0
100,4,0.0
101,5,0.0
102,8,0.0
103,5,0.0
104,6,0.0
105,8,0.0
106,2,0.0
107,5,0.0
108,8,0.0
109,4,0.0
110,0,0.0
111,4,0.0
112,5,0.0
113,2,0.0
114,4,0.0
115,6,0.0
116,7,0.0
117,6,0.0
118,4,0.0
119,0,0.0
120,7,0.0
121,0,0.0
122,0,0.0
123,2,0.0
124,7,0.0
125,2,0.0
126,1,0.0
127,0,0.0
128,7,0.0
129,3,0.0
130,6,0.0
131,3,0.0
132,3,0.0
133,3,0.0
134,6,0.0
135,7,0.0
136,3,0.0
137,1,0.0
138,1,0.0
139,5,0.0
140,8,0.0
141,8,0.0
142,2,0.0
143,1,0.0
144,0,0.0
145,6,0.0
146,7,0.0
147,7,0.0
148,4,0.0
149,4,0.0
150,4,0.0
151,5,0.0
152,3,0.0
153,6,0.0
154,0,0.0
155,3,0.0
156,2,0.0
157,1,0.0
158,6,0.0
159,2,0.0
160,8,0.0
161,2,0.0
162,3,0.0
163,2,0.0
164,8,0.0
165,2,0.0
166,8,0.0
167,1,0.0
168,2,0.0
169,7,0.0
170,0,0.0
171,3,0.0
172,7,0.0
173,2,0.0
174,5,0.0
175,8,0.0
176,0,0.0
177,1,0.0
178,1,0.0
179,0,0.0
180,7,0.0
181,7,0.0
182,3,0.0
183,4,0.0
184,4,10.0
185,4,0.0
186,5,0.0
187,2,0.0
188,7,10.0
189,2,0.0
190,4,0.0
191,5,0.0
192,4,0.0
193,1,0.0
194,4,0.0
195,7,10.0
196,0,0.0
197,1,0.0
198,8,0.0
199,4,0.0
200,2,0.0
201,6,0.0
202,0,0.0
203,3,0.0
204,2,0.0
205,3,0.0
206,0,0.0
207,1,0.0
208,1,0.0
209,1,0.0
210,1,0.0
211,5,0.0
212,5,0.0
213,2,0.0
214,5,0.0
215,1,0.0
216,8,0.0
217,8,0.0
218,2,0.0
219,7,0.0
220,4,0.0
221,5,0.0
222,6,0.0
223,7,0.0
224,8,0.0
225,2,0.0
226,2,0.0
227,0,0.0
228,8,0.0
229,1,0.0
230,2,0.0
231,2,0.0
232,0,0.0
233,7,0.0
234,8,0.0
235,2,0.0
236,4,0.0
237,7,0.0
238,4,0.0
239,1,0.0
240,5,0.0
241,4,0.0
242,6,0.0
243,4,0.0
244,1,0.0
245,2,0.0
246,7,0.0
247,3,0.0
248,2,0.0
249,6,0.0
250,8,0.0
251,0,0.0
252,0,0.0
253,3,0.0
254,4,0.0
255,1,0.0
256,6,0.0
257,8,0.0
258,4,0.0
259,6,0.0
260,6,0.0
261,4,0.0
262,8,0.0
263,0,0.0
264,8,0.0
265,2,0.0
266,2,0.0
267,6,0.0
268,7,0.0
269,3,0.0
270,0,0.0
271,7,0.0
272,3,0.0
273,0,0.0
274,2,0.0
275,5,0.0
276,5,0.0
277,2,0.0
278,7,0.0
279,2,0.0
280,4,0.0
281,6,0.0
282,0,0.0
283,3,0.0
284,1,0.0
285,0,0.0
286,4,0.0
287,0,0.0
288,1,0.0
289,5,0.0
290,1,0.0
291,0,0.0
292,5,0.0
293,3,0.0
294,0,0.0
295,1,0.0
296,8,0.0
297,2,0.0
298,4,0.0
299,7,0.0
300,6,0.0
301,2,0.0
302,3,0.0
303,2,0.0
304,3,0.0
305,1,0.0
306,2,0.0
307,8,0.0
308,7,0.0
309,5,0.0
310,3,0.0
311,5,0.0
312,2,0.0
313,3,0.0
314,8,0.0
315,6,0.0
316,0,0.0
317,7,0.0
318,1,0.0
319,7,0.0
320,1,0.0
321,6,0.0
322,0,0.0
323,8,0.0
324,4,0.0
325,7,0.0
326,2,0.0
327,5,0.0
328,1,0.0
329,1,0.0
330,5,0.0
331,0,0.0
332,0,0.0
333,7,0.0
334,8,0.0
335,6,0.0
336,1,0.0
337,1,0.0
338,2,0.0
339,4,0.0
340,0,0.0
341,7,0.0
342,6,0.0
343,6,0.0
344,2,0.0
345,0,0.0
346,3,0.0
347,5,0.0
348,1,0.0
349,2,0.0
350,2,0.0
351,0,10.0
352,0,0.0
353,2,0.0
354,2,0.0
355,8,0.0
356,8,0.0
357,1,0.0
358,7,0.0
359,3,0.0
360,6,0.0
361,5,0.0
362,4,0.0
363,5,0.0
364,2,0.0
365,4,10.0
366,1,0.0
367,6,0.0
368,7,0.0
369,5,0.0
370,7,0.0
371,6,0.0
372,1,0.0
373,8,0.0
374,5,10.0
375,4,0.0
376,6,0.0
377,1,0.0
378,2,0.0
379,8,0.0
380,6,0.0
381,5,10.0
382,2,0.0
383,3,0.0
384,5,0.0
385,1,0.0
386,4,0.0
387,0,10.0
388,3,0.0
389,2,0.0
390,5,0.0
391,3,0.0
392,4,0.0
393,6,0.0
394,0,0.0
395,7,0.0
396,8,0.0
397,8,0.0
398,8,0.0
399,5,0.0
400,2,0.0
401,1,0.0
402,2,0.0
403,6,0.0
404,0,0.0
405,0,0.0
406,3,10.0
407,1,0.0
408,8,0.0
409,8,0.0
410,0,0.0
411,8,10.0
412,3,0.0
413,0,0.0
414,2,0.0
415,1,0.0
416,8,0.0
417,2,0.0
418,5,0.0
419,6,0.0
420,1,0.0
421,1,10.0
422,8,0.0
423,6,0.0
424,2,0.0
425,2,0.0
426,8,10.0
427,6,0.0
428,3,0.0
429,1,0.0
430,8,0.0
431,7,0.0
432,8,0.0
433,7,0.0
434,5,0.0
435,3,0.0
436,1,0.0
437,8,0.0
438,3,10.0
439,8,0.0
440,7,0.0
441,2,0.0
442,1,0.0
443,3,0.0
444,0,0.0
445,0,0.0
446,4,0.0
447,5,0.0
448,0,0.0
449,6,0.0
450,5,0.0
451,8,0.0
452,8,0.0
453,1,0.0
454,2,0.0
455,1,0.0
456,4,0.0
457,3,0.0
458,7,0.0
459,8,0.0
460,8,0.0
461,8,0.0
462,8,0.0
463,2,0.0
464,3,0.0
465,5,0.0
466,7,0.0
467,6,0.0
468,7,0.0
469,8,0.0
470,2,0.0
471,0,0.0
472,6,0.0
473,3,0.0
474,6,0.0
475,4,0.0
476,5,0.0
477,6,0.0
478,8,0.0
479,3,0.0
480,2,0.0
481,5,0.0
482,1,0.0
483,1,0.0
484,7,0.0
485,6,0.0
486,7,0.0
487,8,0.0
488,7,0.0
489,1,0.0
490,1,0.0
491,4,0.0
492,5,0.0
493,4,0.0
494,5,0.0
495,5,0.0
496,1,0.0
497,0,0.0
498,3,0.0
499,3,0.0
500,0,0.0
501,6,0.0
502,1,0.0
503,3,0.0
504,3,0.0
505,3,0.0
506,1,0.0
507,8,0.0
508,5,0.0
509,0,0.0
510,2,0.0
511,0,0.0
512,5,0.0
513,2,0.0
514,1,0.0
515,7,0.0
516,8,0.0
517,4,0.0
518,0,0.0
519,5,0.0
520,1,0.0
521,5,0.0
522,8,0.0
523,2,0.0
524,6,0.0
525,2,0.0
526,2,0.0
527,8,0.0
528,5,0.0
529,6,0.0
530,2,10.0
531,5,0.0
532,8,0.0
533,6,0.0
534,3,0.0
535,4,0.0
536,1,0.0
537,5,0.0
538,7,0.0
539,4,0.0
540,7,0.0
541,3,10.0
542,8,0.0
543,3,0.0
544,0,0.0
545,0,0.0
546,5,0.0
547,1,0.0
548,3,0.0
549,3,0.0
550,1,0.0
551,7,0.0
552,1,0.0
553,2,0.0
554,3,0.0
555,2,0.0
556,1,0.0
557,2,0.0
558,4,0.0
559,4,0.0
560,3,0.0
561,3,0.0
562,4,0.0
563,6,0.0
564,4,0.0
565,7,0.0
566,1,0.0
567,6,0.0
568,1,0.0
569,2,0.0
570,2,0.0
571,4,0.0
572,3,0.0
573,8,0.0
574,1,0.0
575,3,0.0
576,5,0.0
577,2,0.0
578,2,0.0
579,5,0.0
580,3,0.0
581,1,0.0
582,2,0.0
583,5,0.0
584,8,0.0
585,2,0.0
586,6,0.0
587,2,0.0
588,5,0.0
589,3,0.0
590,1,0.0
591,0,0.0
592,4,0.0
593,0,0.0
594,7,0.0
595,8,0.0
596,4,0.0
597,1,0.0
598,6,0.0
599,4,0.0
600,2,0.0
601,6,0.0
602,0,0.0
603,3,0.0
604,0,0.0
605,4,10.0
606,1,0.0
607,4,0.0
608,1,0.0
609,3,0.0
610,0,0.0
611,5,0.0
612,7,0.0
613,1,0.0
614,6,0.0
615,1,0.0
616,8,0.0
617,3,0.0
618,0,10.0
619,4,0.0
620,3,0.0
621,2,0.0
622,0,0.0
623,6,0.0
624,4,0.0
625,0,0.0
626,4,0.0
627,0,0.0
628,3,0.0
629,6,0.0
630,6,0.0
631,5,0.0
632,6,0.0
633,7,0.0
634,2,0.0
635,5,0.0
636,8,0.0
637,8,0.0
638,0,0.0
639,7,0.0
640,2,0.0
641,0,0.0
642,7,0.0
643,4,0.0
644,4,0.0
645,7,0.0
646,4,0.0
647,5,0.0
648,0,0.0
649,1,0.0
650,5,0.0
651,3,0.0
652,6,0.0
653,0,0.0
654,4,0.0
655,4,0.0
656,6,0.0
657,2,0.0
658,1,0.0
659,5,0.0
660,7,0.0
661,0,0.0
662,2,0.0
663,7,0.0
664,0,0.0
665,5,0.0
666,7,0.0
667,1,0.0
668,7,0.0
669,1,0.0
670,0,0.0
671,3,0.0
672,6,0.0
673,2,0.0
674,4,0.0
675,3,0.0
676,3,0.0
677,5,0.0
678,7,0.0
679,0,0.0
680,4,0.0
681,8,0.0
682,6,0.0
683,7,0.0
684,2,0.0
685,6,0.0
686,0,0.0
687,4,0.0
688,0,0.0
689,3,0.0
690,4,0.0
691,1,0.0
692,1,0.0
693,2,0.0
694,4,0.0
695,2,0.0
696,4,0.0
697,4,0.0
698,3,0.0
699,4,0.0
700,6,0.0
701,1,0.0
702,8,0.0
703,4,0.0
704,6,0.0
705,6,0.0
706,1,0.0
707,7,0.0
708,6,0.0
709,7,0.0
710,1,0.0
711,0,0.0
712,8,0.0
713,5,0.0
714,8,0.0
715,5,0.0
716,2,0.0
717,8,0.0
718,5,0.0
719,6,0.0
720,1,0.0
721,4,0.0
722,6,0.0
723,7,0.0
724,0,0.0
725,5,0.0
726,4,0.0
727,8,0.0
728,8,0.0
729,2,0.0
730,5,0.0
731,2,0.0
732,1,0.0
733,8,0.0
734,1,0.0
735,4,0.0
736,7,0.0
737,6,0.0
738,8,0.0
739,1,0.0
740,2,0.0
741,2,0.0
742,2,0.0
743,7,10.0
744,5,0.0
745,3,0.0
746,1,0.0
747,5,0.0
748,8,0.0
749,0,0.0
750,4,0.0
751,1,0.0
752,7,0.0
753,0,0.0
754,8,0.0
755,6,0.0
756,4,10.0
757,0,0.0
758,1,0.0
759,0,0.0
760,8,10.0
761,8,0.0
762,2,0.0
763,3,0.0
764,2,10.0
765,3,0.0
766,2,0.0
767,3,0.0
768,2,10.0
769,0,0.0
770,2,0.0
771,8,0.0
772,7,0.0
773,4,0.0
774,5,10.0
775,3,0.0
776,6,0.0
777,4,0.0
778,6,0.0
779,6,10.0
780,2,0.0
781,2,0.0
782,0,0.0
783,0,0.0
784,0,0.0
785,3,0.0
786,8,0.0
787,8,0.0
788,2,0.0
789,5,0.0
790,4,0.0
791,7,0.0
792,3,10.0
793,6,0.0
794,6,0.0
795,8,0.0
796,4,0.0
797,6,10.0
798,1,0.0
799,6,0.0
800,8,0.0
801,6,0.0
802,5,0.0
803,7,0.0
804,0,0.0
805,8,0.0
806,3,0.0
807,4,0.0
808,8,0.0
809,2,0.0
810,0,0.0
811,2,0.0
812,2,0.0
813,6,0.0
814,6,0.0
815,6,0.0
816,5,0.0
817,4,0.0
818,1,0.0
819,5,0.0
820,0,0.0
821,8,0.0
822,1,0.0
823,1,0.0
824,3,0.0
825,7,0.0
826,8,0.0
827,7,0.0
828,6,0.0
829,0,0.0
830,7,0.0
831,7,0.0
832,7,0.0
833,7,0.0
834,8,0.0
835,2,0.0
836,5,0.0
837,5,0.0
838,7,0.0
839,5,0.0
840,5,0.0
841,0,0.0
842,5,0.0
843,5,0.0
844,5,10.0
845,1,0.0
846,8,0.0
847,2,0.0
848,8,0.0
849,1,0.0
850,2,0.0
851,3,0.0
852,6,0.0
853,2,0.0
854,6,0.0
855,1,0.0
856,2,0.0
857,8,0.0
858,2,0.0
859,0,0.0
860,5,0.0
861,7,0.0
862,4,0.0
863,2,0.0
864,2,0.0
865,8,0.0
866,7,0.0
867,2,10.0
868,4,0.0
869,8,0.0
870,2,0.0
871,5,0.0
872,3,10.0
873,4,0.0
874,5,0.0
875,2,0.0
876,0,0.0
877,7,0.0
878,5,0.0
879,2,0.0
880,3,0.0
881,2,0.0
882,3,0.0
883,4,0.0
884,6,0.0
885,3,0.0
886,7,0.0
887,2,0.0
888,7,0.0
889,0,0.0
890,8,0.0
891,7,0.0
892,2,0.0
893,6,0.0
894,8,0.0
895,0,0.0
896,4,0.0
897,5,0.0
898,7,0.0
899,6,0.0
900,3,0.0
901,4,0.0
902,6,0.0
903,6,0.0
904,8,0.0
905,6,0.0
906,7,0.0
907,1,0.0
908,1,0.0
909,7,0.0
910,4,0.0
911,8,0.0
912,5,0.0
913,5,0.0
914,2,0.0
915,1,0.0
916,1,0.0
917,1,0.0
918,1,0.0
919,1,0.0
920,0,0.0
921,6,0.0
922,7,0.0
923,4,0.0
924,0,0.0
925,3,0.0
926,4,0.0
927,2,0.0
928,5,0.0
929,0,0.0
930,3,0.0
931,1,0.0
932,8,0.0
933,3,0.0
934,4,0.0
935,6,0.0
936,6,0.0
937,5,0.0
938,0,0.0
939,4,0.0
940,2,0.0
941,7,0.0
942,8,0.0
943,7,0.0
944,5,0.0
945,0,0.0
946,5,0.0
947,1,0.0
948,4,0.0
949,0,0.0
950,2,0.0
951,8,0.0
952,7,0.0
953,0,0.0
954,2,0.0
955,6,0.0
956,7,0.0
957,7,0.0
958,6,0.0
959,8,0.0
960,4,0.0
961,7,0.0
962,8,0.0
963,4,0.0
964,4,0.0
965,3,10.0
966,2,0.0
967,7,0.0
968,7,0.0
969,4,10.0
970,3,0.0
971,4,0.0
972,6,0.0
973,1,0.0
974,4,0.0
975,1,0.0
976,4,0.0
977,3,0.0
978,4,0.0
979,2,0.0
980,7,0.0
981,4,0.0
982,7,0.0
983,8,0.0
984,3,0.0
985,5,0.0
986,4,0.0
987,0,0.0
988,1,0.0
989,5,0.0
990,0,0.0
991,5,10.0
992,1,0.0
993,0,0.0
994,0,0.0
995,4,0.0
996,7,0.0
997,6,0.0
998,8,0.0
999,8,0.0
1000,3,0.0
1001,1,0.0
1002,7,0.0
1003,8,0.0
1004,3,0.0
1005,3,0.0
1006,5,0.0
1007,4,0.0
1008,3,0.0
1009,0,0.0
1010,1,0.0
1011,1,0.0
1012,8,0.0
1013,8,0.0
1014,4,0.0
1015,1,0.0
1016,6,0.0
1017,7,0.0
1018,8,0.0
1019,8,0.0
1020,2,0.0
1021,4,0.0
1022,0,0.0
1023,7,0.0
1024,5,0.0
1025,6,0.0
1026,8,0.0
1027,7,0.0
1028,6,0.0
1029,4,10.0
1030,1,0.0
1031,6,0.0
1032,3,0.0
1033,2,0.0
1034,5,0.0
1035,2,0.0
1036,0,0.0
1037,7,0.0
1038,2,0.0
1039,3,0.0
1040,8,0.0
1041,2,0.0
1042,5,0.0
1043,4,0.0
1044,2,0.0
1045,1,0.0
1046,1,0.0
1047,7,0.0
1048,4,0.0
1049,2,0.0
1050,3,0.0
1051,4,0.0
1052,4,0.0
1053,4,0.0
1054,2,0.0
1055,6,10.0
1056,0,0.0
1057,4,0.0
1058,3,0.0
1059,8,10.0
1060,2,0.0
1061,2,0.0
1062,1,0.0
1063,1,0.0
1064,4,0.0
1065,3,0.0
1066,6,0.0
1067,3,0.0
1068,6,10.0
1069,5,0.0
1070,5,0.0
1071,8,0.0
1072,5,0.0
1073,5,0.0
1074,0,0.0
1075,6,0.0
1076,3,0.0
1077,0,0.0
1078,5,0.0
1079,5,0.0
1080,4,0.0
1081,1,0.0
1082,7,0.0
1083,4,0.0
1084,8,0.0
1085,7,0.0
1086,7,0.0
1087,7,0.0
1088,7,0.0
1089,1,0.0
1090,3,0.0
1091,6,0.0
1092,8,0.0
1093,1,0.0
1094,1,0.0
1095,6,0.0
1096,2,0.0
1097,0,0.0
1098,5,0.0
1099,6,0.0
1100,7,0.0
1101,1,0.0
1102,6,0.0
1103,8,0.0
1104,7,0.0
1105,7,0.0
1106,1,0.0
1107,5,0.0
1108,0,0.0
1109,0,0.0
1110,6,0.0
1111,3,0.0
1112,3,0.0
1113,3,0.0
1114,8,0.0
1115,4,0.0
1116,4,0.0
1117,2,0.0
1118,7,0.0
1119,0,0.0
1120,0,0.0
1121,1,0.0
1122,5,0.0
1123,4,0.0
1124,0,0.0
1125,7,0.0
1126,3,0.0
1127,5,0.0
1128,3,0.0
1129,7,0.0
1130,2,0.0
1131,4,0.0
1132,1,0.0
1133,8,0.0
1134,8,0.0
1135,8,0.0
1136,7,0.0
1137,6,0.0
1138,0,0.0
1139,5,0.0
1140,3,0.0
1141,2,0.0
1142,8,0.0
1143,7,0.0
1144,1,0.0
1145,6,0.0
1146,0,0.0
1147,3,0.0
1148,4,0.0
1149,2,0.0
1150,1,0.0
1151,0,0.0
1152,6,0.0
1153,0,0.0
1154,7,0.0
1155,3,0.0
1156,4,0.0
1157,4,0.0
1158,1,0.0
1159,6,0.0
1160,1,0.0
1161,8,0.0
1162,3,0.0
1163,4,0.0
1164,8,0.0
1165,3,0.0
1166,1,0.0
1167,6,0.0
1168,6,0.0
1169,1,0.0
1170,2,0.0
1171,4,0.0
1172,4,0.0
1173,6,0.0
1174,8,0.0
1175,7,0.0
1176,1,0.0
1177,1,0.0
1178,7,0.0
1179,4,0.0
1180,5,0.0
1181,0,0.0
1182,2,0.0
1183,3,0.0
1184,6,0.0
1185,1,0.0
1186,7,0.0
1187,4,0.0
1188,8,0.0
1189,4,0.0
1190,6,0.0
1191,4,0.0
1192,5,0.0
1193,5,0.0
1194,5,0.0
1195,5,0.0
1196,5,0.0
1197,6,0.0
1198,0,0.0
1199,7,0.0
1200,5,0.0
1201,7,0.0
1202,1,0.0
1203,7,0.0
1204,2,0.0
1205,8,0.0
1206,5,0.0
1207,6,0.0
1208,4,0.0
1209,0,0.0
1210,3,0.0
1211,5,0.0
1212,6,0.0
1213,5,0.0
1214,0,0.0
1215,7,0.0
1216,7,0.0
1217,6,0.0
1218,3,0.0
1219,7,0.0
1220,1,0.0
1221,4,0.0
1222,8,0.0
1223,0,0.0
1224,8,0.0
1225,1,0.0
1226,2,0.0
1227,6,0.0
1228,4,0.0
1229,3,0.0
1230,2,0.0
1231,1,0.0
1232,0,0.0
1233,3,0.0
1234,8,0.0
1235,7,0.0
1236,5,0.0
1237,6,0.0
1238,4,0.0
1239,2,0.0
1240,6,0.0
1241,2,0.0
1242,3,0.0
1243,8,0.0
1244,8,0.0
1245,0,0.0
1246,0,0.0
1247,6,0.0
1248,0,0.0
1249,5,0.0
1250,8,0.0
1251,1,0.0
1252,0,0.0
1253,4,0.0
1254,0,0.0
1255,5,0.0
1256,0,0.0
1257,6,0.0
1258,4,0.0
1259,1,0.0
1260,3,0.0
1261,6,0.0
1262,7,0.0
1263,4,0.0
1264,2,0.0
1265,0,0.0
1266,5,10.0
1267,5,0.0
1268,1,0.0
1269,5,0.0
1270,5,10.0
1271,7,0.0
1272,2,0.0
1273,5,0.0
1274,2,10.0
1275,0,0.0
1276,3,0.0
1277,6,0.0
1278,5,0.0
1279,7,0.0
1280,2,10.0
1281,8,0.0
1282,8,0.0
1283,8,0.0
1284,7,0.0
1285,5,0.0
1286,4,0.0
1287,2,0.0
1288,4,0.0
1289,6,0.0
1290,6,0.0
1291,4,0.0
1292,0,0.0
1293,4,0.0
1294,1,0.0
1295,0,0.0
1296,0,0.0
1297,3,10.0
1298,3,0.0
1299,7,0.0
1300,5,0.0
1301,1,0.0
1302,4,0.0
1303,0,0.0
1304,2,0.0
1305,6,0.0
1306,3,0.0
1307,1,0.0
1308,8,0.0
1309,8,0.0
1310,7,0.0
1311,8,0.0
1312,8,0.0
1313,7,0.0
1314,0,0.0
1315,8,0.0
1316,6,0.0
1317,1,0.0
1318,4,0.0
1319,2,0.0
1320,2,0.0
1321,1,0.0
1322,2,0.0
1323,3,0.0
1324,5,0.0
1325,5,0.0
1326,1,0.0
1327,5,0.0
1328,4,0.0
1329,2,0.0
1330,5,0.0
1331,4,0.0
1332,0,0.0
1333,3,0.0
1334,5,0.0
1335,7,0.0
1336,3,0.0
1337,7,0.0
1338,2,0.0
1339,8,0.0
1340,1,0.0
1341,4,0.0
1342,4,0.0
1343,2,0.0
1344,1,0.0
1345,8,0.0
1346,6,0.0
1347,7,0.0
1348,8,0.0
1349,3,0.0
1350,7,0.0
1351,6,0.0
1352,5,0.0
1353,7,0.0
1354,5,0.0
1355,4,0.0
1356,5,0.0
1357,2,0.0
1358,6,0.0
1359,7,0.0
1360,6,0.0
1361,2,0.0
1362,4,0.0
1363,3,0.0
1364,8,0.0
1365,0,0.0
1366,6,0.0
1367,1,0.0
1368,8,0.0
1369,6,0.0
1370,6,0.0
1371,2,0.0
1372,4,0.0
1373,0,0.0
1374,1,0.0
1375,1,0.0
1376,0,0.0
1377,5,0.0
1378,7,0.0
1379,3,0.0
1380,3,0.0
1381,4,0.0
1382,5,0.0
1383,7,0.0
1384,2,0.0
1385,1,0.0
1386,1,0.0
1387,5,0.0
1388,5,0.0
1389,7,0.0
1390,1,0.0
1391,7,0.0
1392,3,0.0
1393,8,0.0
1394,8,0.0
1395,8,0.0
1396,5,0.0
1397,8,0.0
1398,4,0.0
1399,6,0.0
1400,5,0.0
1401,0,0.0
1402,6,0.0
1403,2,0.0
1404,4,0.0
1405,1,0.0
1406,5,0.0
1407,8,0.0
1408,0,0.0
1409,1,0.0
1410,0,0.0
1411,6,0.0
1412,8,0.0
1413,4,0.0
1414,2,0.0
1415,8,0.0
1416,2,0.0
1417,0,0.0
1418,5,0.0
1419,6,0.0
1420,2,0.0
1421,7,0.0
1422,6,0.0
1423,6,0.0
1424,2,0.0
1425,6,0.0
1426,3,0.0
1427,8,10.0
1428,7,0.0
1429,1,0.0
1430,3,0.0
1431,3,0.0
1432,2,0.0
1433,5,0.0
1434,3,0.0
1435,1,0.0
1436,2,10.0
1437,6,0.0
1438,2,0.0
1439,5,0.0
1440,2,0.0
1441,5,0.0
1442,4,0.0
1443,6,0.0
1444,8,0.0
1445,6,0.0
1446,3,0.0
1447,7,0.0
1448,2,0.0
1449,3,0.0
1450,0,0.0
1451,2,0.0
1452,5,0.0
1453,0,0.0
1454,2,0.0
1455,7,10.0
1456,2,0.0
1457,4,0.0
1458,2,0.0
1459,0,0.0
1460,8,10.0
1461,1,0.0
1462,3,0.0
1463,2,0.0
1464,0,10.0
1465,6,0.0
1466,7,0.0
1467,8,0.0
1468,2,10.0
1469,2,0.0
1470,8,0.0
1471,8,0.0
1472,3,0.0
1473,3,0.0
1474,5,0.0
1475,6,0.0
1476,3,0.0
1477,1,0.0
1478,6,0.0
1479,5,0.0
1480,7,0.0
1481,5,0.0
1482,2,0.0
1483,6,0.0
1484,1,0.0
1485,1,0.0
1486,1,0.0
1487,1,0.0
1488,7,0.0
1489,1,0.0
1490,4,10.0
1491,5,0.0
1492,8,0.0
1493,0,0.0
1494,1,0.0
1495,8,0.0
1496,1,0.0
1497,6,0.0
1498,8,0.0
1499,6,0.0
1500,8,0.0
1501,5,0.0
1502,4,0.0
1503,7,0.0
1504,6,0.0
1505,5,0.0
1506,7,0.0
1507,0,0.0
1508,4,0.0
1509,2,0.0
1510,0,0.0
1511,5,0.0
1512,7,0.0
1513,7,0.0
1514,5,0.0
1515,5,0.0
1516,1,0.0
1517,0,0.0
1518,0,0.0
1519,4,0.0
1520,5,0.0
1521,6,0.0
1522,7,0.0
1523,7,0.0
1524,6,0.0
1525,4,0.0
1526,2,0.0
1527,3,0.0
1528,4,0.0
1529,4,10.0
1530,1,0.0
1531,5,0.0
1532,0,0.0
1533,5,0.0
1534,4,0.0
1535,1,0.0
1536,8,0.0
1537,7,0.0
1538,8,0.0
1539,5,0.0
1540,7,10.0
1541,8,0.0
1542,0,0.0
1543,4,0.0
1544,4,0.0
1545,7,0.0
1546,8,0.0
1547,7,0.0
1548,8,0.0
1549,2,0.0
1550,8,0.0
1551,4,0.0
1552,2,0.0
1553,2,0.0
1554,4,0.0
1555,4,0.0
1556,5,0.0
1557,8,0.0
1558,3,0.0
1559,8,0.0
1560,3,0.0
1561,6,0.0
1562,3,0.0
1563,3,0.0
1564,7,0.0
1565,4,0.0
1566,4,0.0
1567,7,0.0
1568,0,0.0
1569,0,0.0
1570,0,0.0
1571,2,0.0
1572,0,0.0
1573,3,0.0
1574,6,0.0
1575,1,0.0
1576,1,0.0
1577,7,0.0
1578,1,0.0
1579,8,0.0
1580,2,0.0
1581,5,0.0
1582,0,0.0
1583,2,0.0
1584,1,0.0
1585,2,0.0
1586,2,0.0
1587,5,0.0
1588,3,0.0
1589,1,0.0
1590,1,0.0
1591,2,0.0
1592,4,0.0
1593,8,0.0
1594,2,0.0
1595,8,0.0
1596,0,0.0
1597,3,0.0
1598,4,0.0
1599,3,0.0
1600,5,0.0
1601,3,0.0
1602,2,0.0
1603,0,0.0
1604,1,0.0
1605,2,0.0
1606,7,0.0
1607,1,0.0
1608,7,0.0
1609,4,0.0
1610,1,0.0
1611,1,0.0
1612,5,0.0
1613,0,0.0
1614,8,0.0
1615,6,0.0
1616,6,0.0
1617,2,0.0
1618,6,0.0
1619,3,0.0
1620,0,0.0
1621,0,0.0
1622,5,0.0
1623,8,0.0
1624,5,0.0
1625,6,0.0
1626,3,0.0
1627,7,0.0
1628,1,0.0
1629,4,0.0
1630,1,0.0
1631,3,0.0
1632,0,0.0
1633,1,0.0
1634,1,0.0
1635,6,0.0
1636,1,0.0
1637,2,0.0
1638,7,0.0
1639,2,0.0
1640,8,0.0
1641,4,0.0
1642,2,0.0
1643,3,0.0
1644,8,10.0
1645,6,0.0
1646,2,0.0
1647,2,0.0
1648,3,10.0
1649,0,0.0
1650,6,0.0
1651,1,0.0
1652,6,0.0
1653,1,0.0
1654,7,0.0
1655,2,0.0
1656,7,0.0
1657,8,0.0
1658,8,0.0
1659,2,0.0
1660,6,0.0
1661,7,0.0
1662,3,0.0
1663,2,0.0
1664,3,10.0
1665,6,0.0
1666,5,0.0
1667,4,0.0
1668,0,0.0
1669,8,0.0
1670,1,0.0
1671,5,0.0
1672,8,0.0
1673,4,0.0
1674,8,0.0
1675,5,10.0
1676,4,0.0
1677,3,0.0
1678,8,0.0
1679,4,0.0
1680,8,0.0
1681,5,0.0
1682,8,0.0
1683,3,10.0
1684,5,0.0
1685,2,0.0
1686,1,0.0
1687,0,0.0
1688,3,0.0
1689,2,0.0
1690,4,0.0
1691,8,0.0
1692,4,10.0
1693,6,0.0
1694,1,0.0
1695,2,0.0
1696,2,0.0
1697,0,0.0
1698,2,0.0
1699,3,0.0
1700,0,0.0
1701,2,0.0
1702,4,0.0
1703,3,0.0
1704,5,0.0
1705,0,0.0
1706,6,0.0
1707,6,0.0
1708,7,0.0
1709,5,0.0
1710,2,0.0
1711,6,0.0
1712,7,0.0
1713,0,0.0
1714,4,0.0
1715,7,0.0
1716,4,0.0
1717,2,0.0
1718,3,0.0
1719,8,0.0
1720,3,10.0
1721,6,0.0
1722,3,0.0
1723,8,0.0
1724,3,0.0
1725,3,0.0
1726,2,0.0
1727,8,0.0
1728,1,0.0
1729,0,0.0
1730,7,0.0
1731,5,0.0
1732,1,0.0
1733,1,0.0
1734,3,0.0
1735,0,0.0
1736,8,0.0
1737,8,0.0
1738,8,0.0
1739,7,0.0
1740,2,0.0
1741,2,0.0
1742,4,0.0
1743,8,0.0
1744,0,0.0
1745,7,0.0
1746,8,0.0
1747,8,0.0
1748,3,0.0
1749,8,0.0
1750,7,0.0
1751,8,0.0
1752,6,0.0
1753,7,0.0
1754,7,0.0
1755,8,0.0
1756,6,0.0
1757,3,0.0
1758,4,0.0
1759,4,0.0
1760,1,0.0
1761,0,0.0
1762,0,0.0
1763,7,0.0
1764,1,0.0
1765,0,0.0
1766,7,0.0
1767,6,0.0
1768,4,0.0
1769,4,0.0
1770,1,0.0
1771,6,0.0
1772,1,0.0
1773,0,0.0
1774,2,0.0
1775,6,0.0
1776,4,0.0
1777,1,0.0
1778,2,0.0
1779,2,0.0
1780,8,0.0
1781,4,0.0
1782,6,0.0
1783,3,0.0
1784,3,0.0
1785,5,0.0
1786,2,0.0
1787,5,0.0
1788,5,0.0
1789,6,0.0
1790,6,0.0
1791,5,0.0
1792,6,0.0
1793,0,0.0
1794,4,0.0
1795,8,0.0
1796,8,0.0
1797,1,0.0
1798,7,0.0
1799,3,0.0
1800,1,0.0
1801,0,0.0
1802,1,0.0
1803,4,0.0
1804,1,0.0
1805,8,10.0
1806,1,0.0
1807,1,0.0
1808,6,0.0
1809,0,0.0
1810,3,0.0
1811,2,0.0
1812,3,0.0
1813,3,0.0
1814,2,0.0
1815,5,0.0
1816,5,0.0
1817,6,0.0
1818,3,0.0
1819,3,0.0
1820,6,0.0
1821,7,0.0
1822,2,0.0
1823,1,0.0
1824,7,0.0
1825,0,0.0
1826,5,0.0
1827,2,0.0
1828,5,0.0
1829,8,0.0
1830,0,0.0
1831,6,0.0
1832,7,0.0
1833,7,0.0
1834,3,0.0
1835,8,0.0
1836,8,0.0
1837,2,0.0
1838,4,0.0
1839,1,0.0
1840,8,0.0
1841,3,0.0
1842,0,0.0
1843,4,0.0
1844,8,0.0
1845,2,0.0
1846,4,0.0
1847,5,0.0
1848,1,0.0
1849,6,0.0
1850,5,0.0
1851,6,0.0
1852,0,0.0
1853,5,0.0
1854,3,0.0
1855,4,0.0
1856,3,0.0
1857,1,0.0
1858,6,0.0
1859,5,0.0
1860,0,0.0
1861,3,0.0
1862,7,0.0
1863,6,0.0
1864,4,0.0
1865,1,0.0
1866,0,0.0
1867,0,0.0
1868,1,0.0
1869,3,0.0
1870,6,0.0
1871,0,0.0
1872,3,0.0
1873,2,0.0
1874,7,0.0
1875,1,0.0
1876,4,0.0
1877,8,0.0
1878,1,0.0
1879,8,0.0
1880,1,0.0
1881,8,0.0
1882,8,0.0
1883,5,0.0
1884,6,0.0
1885,2,0.0
1886,3,0.0
1887,3,0.0
1888,1,0.0
1889,8,0.0
1890,3,0.0
1891,1,0.0
1892,6,0.0
1893,7,0.0
1894,4,0.0
1895,2,0.0
1896,7,0.0
1897,2,0.0
1898,1,0.0
1899,6,0.0
1900,3,0.0
1901,7,0.0
1902,5,0.0
1903,1,0.0
1904,1,0.0
1905,1,0.0
1906,3,0.0
1907,0,0.0
1908,3,0.0
1909,6,0.0
1910,3,0.0
1911,1,0.0
1912,6,0.0
1913,2,0.0
1914,2,0.0
1915,3,0.0
1916,3,0.0
1917,3,0.0
1918,5,0.0
1919,7,0.0
1920,8,0.0
1921,8,0.0
1922,5,0.0
1923,2,0.0
1924,1,0.0
1925,6,0.0
1926,1,0.0
1927,3,0.0
1928,8,10.0
1929,3,0.0
1930,5,0.0
1931,4,0.0
1932,1,0.0
1933,1,0.0
1934,8,0.0
1935,7,0.0
1936,4,0.0
1937,2,10.0
1938,4,0.0
1939,1,0.0
1940,8,0.0
1941,0,0.0
1942,4,0.0
1943,0,0.0
1944,3,0.0
1945,3,0.0
1946,4,0.0
1947,5,0.0
1948,0,0.0
1949,7,0.0
1950,7,0.0
1951,4,0.0
1952,8,0.0
1953,7,0.0
1954,3,0.0
1955,6,0.0
1956,6,0.0
1957,7,0.0
1958,2,0.0
1959,5,0.0
1960,5,0.0
1961,6,0.0
1962,3,0.0
1963,8,0.0
1964,0,0.0
1965,0,0.0
1966,5,0.0
1967,6,0.0
1968,7,0.0
1969,3,0.0
1970,7,0.0
1971,5,0.0
1972,2,0.0
1973,8,0.0
1974,7,0.0
1975,5,0.0
1976,6,0.0
1977,4,0.0
1978,6,0.0
1979,1,0.0
1980,4,0.0
1981,0,0.0
1982,8,0.0
1983,0,10.0
1984,5,0.0
1985,8,0.0
1986,7,0.0
1987,5,0.0
1988,1,0.0
1989,3,0.0
1990,7,0.0
1991,2,0.0
1992,4,10.0
1993,7,0.0
1994,6,0.0
1995,7,0.0
1996,2,0.0
1997,3,10.0
1998,3,0.0
1999,1,0.0
2000,6,0.0
2001,1,0.0
2002,0,0.0
2003,6,0.0
2004,8,0.0
2005,6,0.0
2006,5,0.0
2007,6,0.0
2008,4,0.0
2009,2,0.0
2010,3,0.0
2011,4,0.0
2012,8,0.0
2013,8,0.0
2014,8,0.0
2015,8,0.0
2016,2,0.0
2017,6,10.0
2018,7,0.0
2019,6,0.0
2020,2,0.0
2021,5,0.0
2022,3,0.0
2023,6,0.0
2024,7,0.0
2025,0,0.0
2026,8,0.0
2027,1,0.0
2028,2,0.0
2029,5,0.0
2030,4,0.0
2031,8,0.0
2032,2,0.0
2033,2,0.0
2034,0,0.0
2035,6,0.0
2036,3,0.0
2037,2,0.0
2038,3,0.0
2039,4,0.0
2040,8,0.0
2041,5,0.0
2042,6,0.0
2043,8,0.0
2044,2,0.0
2045,0,0.0
2046,7,0.0
2047,7,0.0
2048,7,0.0
2049,8,0.0
2050,5,0.0
2051,1,0.0
2052,0,0.0
2053,7,0.0
2054,3,0.0
2055,7,0.0
2056,5,0.0
2057,6,0.0
2058,4,0.0
2059,4,0.0
2060,0,0.0
2061,2,0.0
2062,3,0.0
2063,5,0.0
2064,4,0.0
2065,4,0.0
2066,3,0.0
2067,4,0.0
2068,7,0.0
2069,3,0.0
2070,2,0.0
2071,3,0.0
2072,6,0.0
2073,3,0.0
2074,0,0.0
2075,2,0.0
2076,2,0.0
2077,2,0.0
2078,4,0.0
2079,2,0.0
2080,4,0.0
2081,6,0.0
2082,7,0.0
2083,8,0.0
2084,6,0.0
2085,4,0.0
2086,4,0.0
2087,4,0.0
2088,4,0.0
2089,6,0.0
2090,6,0.0
2091,7,0.0
2092,0,0.0
2093,8,0.0
2094,6,0.0
2095,5,0.0
2096,4,0.0
2097,5,0.0
2098,6,0.0
2099,4,0.0
2100,0,0.0
2101,8,0.0
2102,6,0.0
2103,5,0.0
2104,4,0.0
2105,7,0.0
2106,6,0.0
2107,5,0.0
2108,2,0.0
2109,1,0.0
2110,6,0.0
2111,8,0.0
2112,8,0.0
2113,4,0.0
2114,0,0.0
2115,2,0.0
2116,7,0.0
2117,1,0.0
2118,7,0.0
2119,2,0.0
2120,8,0.0
2121,5,0.0
2122,7,0.0
2123,0,0.0
2124,3,0.0
2125,6,0.0
2126,4,0.0
2127,8,0.0
2128,0,0.0
2129,5,0.0
2130,8,0.0
2131,2,0.0
2132,2,0.0
2133,2,0.0
2134,3,0.0
2135,2,0.0
2136,8,0.0
2137,0,0.0
2138,6,0.0
2139,4,0.0
2140,2,0.0
2141,3,0.0
2142,4,0.0
2143,0,0.0
2144,0,0.0
2145,6,0.0
2146,5,0.0
2147,1,0.0
2148,2,0.0
2149,7,0.0
2150,4,0.0
2151,0,0.0
2152,2,0.0
2153,7,0.0
2154,7,0.0
2155,2,0.0
2156,5,0.0
2157,0,10.0
2158,1,0.0
2159,1,0.0
2160,2,0.0
2161,4,10.0
2162,6,0.0
2163,0,0.0
2164,0,0.0
2165,5,0.0
2166,2,0.0
2167,0,0.0
2168,8,0.0
2169,3,0.0
2170,4,0.0
2171,6,0.0
2172,1,0.0
2173,3,0.0
2174,4,0.0
2175,8,0.0
2176,2,0.0
2177,4,0.0
2178,8,0.0
2179,1,0.0
2180,1,0.0
2181,0,0.0
2182,0,0.0
2183,4,0.0
2184,5,0.0
2185,8,0.0
2186,2,0.0
2187,8,0.0
2188,4,0.0
2189,0,0.0
2190,1,0.0
2191,8,0.0
2192,0,0.0
2193,2,0.0
2194,5,0.0
2195,3,0.0
2196,5,0.0
2197,6,0.0
2198,1,0.0
2199,3,0.0
2200,6,0.0
2201,7,0.0
2202,7,0.0
2203,1,0.0
2204,5,0.0
2205,1,0.0
2206,6,0.0
2207,8,0.0
2208,6,0.0
2209,7,0.0
2210,7,0.0
2211,7,0.0
2212,3,0.0
2213,2,0.0
2214,5,0.0
2215,4,0.0
2216,5,0.0
2217,1,0.0
2218,8,0.0
2219,2,0.0
2220,8,0.0
2221,8,0.0
2222,1,0.0
2223,2,0.0
2224,3,0.0
2225,6,0.0
2226,8,0.0
2227,1,0.0
2228,8,0.0
2229,4,0.0
2230,2,0.0
2231,0,0.0
2232,4,0.0
2233,7,0.0
2234,2,0.0
2235,2,0.0
2236,4,0.0
2237,5,0.0
2238,5,0.0
2239,3,0.0
2240,6,0.0
2241,2,0.0
2242,1,0.0
2243,8,0.0
2244,6,0.0
2245,7,0.0
2246,6,0.0
2247,7,0.0
2248,1,0.0
2249,1,0.0
2250,7,0.0
2251,8,0.0
2252,1,0.0
2253,0,0.0
2254,0,0.0
2255,1,0.0
2256,3,0.0
2257,8,0.0
2258,3,0.0
2259,1,0.0
2260,0,0.0
2261,7,0.0
2262,4,0.0
2263,5,0.0
2264,0,0.0
2265,6,0.0
2266,7,0.0
2267,3,0.0
2268,2,0.0
2269,2,0.0
2270,8,0.0
2271,6,0.0
2272,4,0.0
2273,3,0.0
2274,5,0.0
2275,2,0.0
2276,8,0.0
2277,0,0.0
2278,0,0.0
2279,6,0.0
2280,1,0.0
2281,0,0.0
2282,1,0.0
2283,1,0.0
2284,3,0.0
2285,5,0.0
2286,0,0.0
2287,8,0.0
2288,4,0.0
2289,4,10.0
2290,5,0.0
2291,7,0.0
2292,6,0.0
2293,8,0.0
2294,1,0.0
2295,4,10.0
2296,5,0.0
2297,5,0.0
2298,0,0.0
2299,4,0.0
2300,5,0.0
2301,6,0.0
2302,0,0.0
2303,3,0.0
2304,5,0.0
2305,6,0.0
2306,2,0.0
2307,7,0.0
2308,1,0.0
2309,4,0.0
2310,4,0.0
2311,8,0.0
2312,8,0.0
2313,7,0.0
2314,2,0.0
2315,3,0.0
2316,8,0.0
2317,3,0.0
2318,8,0.0
2319,1,0.0
2320,5,0.0
2321,7,0.0
2322,4,0.0
2323,3,0.0
2324,4,0.0
2325,1,0.0
2326,6,0.0
2327,5,0.0
2328,1,0.0
2329,8,0.0
2330,4,0.0
2331,6,0.0
2332,5,0.0
2333,3,0.0
2334,0,0.0
2335,6,0.0
2336,1,0.0
2337,8,0.0
2338,1,0.0
2339,8,0.0
2340,8,0.0
2341,3,0.0
2342,7,0.0
2343,5,0.0
2344,5,0.0
2345,5,0.0
2346,1,0.0
2347,2,0.0
2348,2,0.0
2349,1,0.0
2350,2,0.0
2351,8,0.0
2352,0,0.0
2353,5,0.0
2354,2,0.0
2355,1,0.0
2356,7,0.0
2357,5,0.0
2358,8,0.0
2359,3,0.0
2360,3,0.0
2361,3,0.0
2362,4,0.0
2363,7,0.0
2364,4,0.0
2365,5,0.0
2366,8,0.0
2367,4,0.0
2368,5,0.0
2369,7,0.0
2370,3,0.0
2371,1,0.0
2372,0,0.0
2373,2,0.0
2374,0,0.0
2375,3,0.0
2376,6,0.0
2377,8,0.0
2378,1,0.0
2379,5,0.0
2380,2,0.0
2381,3,0.0
2382,3,0.0
2383,2,0.0
2384,3,0.0
2385,7,0.0
2386,7,0.0
2387,2,0.0
2388,3,0.0
2389,7,0.0
2390,0,0.0
2391,6,0.0
2392,3,0.0
2393,1,0.0
2394,6,0.0
2395,5,0.0
2396,1,0.0
2397,4,0.0
2398,8,0.0
2399,6,0.0
2400,1,0.0
2401,8,0.0
2402,0,0.0
2403,1,0.0
2404,0,0.0
2405,2,0.0
2406,7,0.0
2407,0,0.0
2408,7,0.0
2409,5,0.0
2410,4,0.0
2411,6,0.0
2412,2,0.0
2413,7,0.0
2414,4,0.0
2415,7,0.0
2416,7,0.0
2417,6,0.0
2418,5,0.0
2419,8,0.0
2420,5,0.0
2421,2,0.0
2422,3,0.0
2423,0,0.0
2424,4,0.0
2425,0,0.0
2426,7,0.0
2427,3,0.0
2428,8,0.0
2429,1,0.0
2430,7,0.0
2431,6,0.0
2432,4,0.0
2433,1,0.0
2434,0,0.0
2435,5,0.0
2436,6,0.0
2437,7,0.0
2438,7,0.0
2439,2,0.0
2440,5,0.0
2441,2,0.0
2442,0,0.0
2443,7,0.0
2444,5,0.0
2445,0,0.0
2446,2,0.0
2447,1,0.0
2448,0,0.0
2449,5,0.0
2450,6,0.0
2451,7,0.0
2452,2,0.0
2453,8,0.0
2454,8,0.0
2455,4,0.0
2456,8,0.0
2457,0,0.0
2458,6,0.0
2459,8,0.0
2460,1,0.0
2461,4,0.0
2462,7,0.0
2463,1,0.0
2464,6,0.0
2465,8,0.0
2466,0,0.0
2467,5,0.0
2468,4,0.0
2469,2,0.0
2470,7,0.0
2471,2,0.0
2472,0,0.0
2473,7,0.0
2474,5,0.0
2475,1,0.0
2476,5,0.0
2477,2,0.0
2478,4,0.0
2479,2,0.0
2480,1,10.0
2481,4,0.0
2482,6,0.0
2483,1,0.0
2484,0,0.0
2485,1,10.0
2486,5,0.0
2487,6,0.0
2488,2,0.0
2489,7,0.0
2490,6,0.0
2491,4,0.0
2492,5,0.0
2493,0,0.0
2494,5,0.0
2495,0,10.0
2496,8,0.0
2497,7,0.0
2498,3,0.0
2499,6,10.0
2500,8,0.0
2501,3,0.0
2502,7,0.0
2503,6,10.0
2504,0,0.0
2505,3,0.0
2506,8,0.0
2507,2,0.0
2508,3,0.0
2509,0,0.0
2510,2,0.0
2511,8,0.0
2512,1,0.0
2513,6,10.0
2514,6,0.0
2515,2,0.0
2516,8,0.0
2517,2,0.0
2518,7,0.0
2519,3,0.0
2520,2,0.0
2521,6,0.0
2522,8,0.0
2523,3,0.0
2524,3,0.0
2525,2,10.0
2526,5,0.0
2527,7,0.0
2528,0,0.0
2529,2,0.0
2530,6,0.0
2531,0,0.0
2532,3,0.0
2533,5,0.0
2534,1,0.0
2535,1,0.0
2536,1,0.0
2537,6,10.0
2538,0,0.0
2539,6,0.0
2540,3,10.0
2541,6,0.0
2542,2,0.0
2543,7,0.0
2544,5,0.0
2545,0,10.0
2546,0,0.0
2547,5,0.0
2548,3,0.0
2549,3,0.0
2550,7,0.0
2551,0,0.0
2552,0,0.0
2553,5,0.0
2554,3,0.0
2555,6,0.0
2556,4,0.0
2557,3,0.0
2558,0,0.0
2559,6,0.0
2560,6,0.0
2561,6,0.0
2562,4,0.0
2563,4,10.0
2564,1,0.0
2565,0,0.0
2566,7,0.0
2567,7,0.0
2568,3,10.0
2569,2,0.0
2570,0,0.0
2571,8,0.0
2572,5,0.0
2573,3,10.0
2574,7,0.0
2575,3,0.0
2576,4,0.0
2577,8,0.0
2578,6,0.0
2579,0,0.0
2580,7,0.0
2581,8,0.0
2582,3,0.0
2583,8,10.0
2584,3,0.0
2585,5,0.0
2586,4,0.0
2587,4,0.0
2588,0,0.0
2589,6,0.0
2590,6,0.0
2591,3,0.0
2592,0,0.0
2593,6,0.0
2594,0,0.0
2595,8,10.0
2596,0,0.0
2597,3,0.0
2598,4,0.0
2599,7,10.0
2600,5,0.0
2601,1,0.0
2602,1,0.0
2603,3,0.0
2604,4,0.0
2605,8,0.0
2606,4,10.0
2607,3,0.0
2608,8,0.0
2609,5,0.0
2610,1,0.0
2611,4,0.0
2612,3,0.0
2613,2,0.0
2614,0,0.0
2615,1,0.0
2616,6,0.0
2617,4,0.0
2618,5,0.0
2619,8,0.0
2620,3,0.0
2621,5,0.0
2622,0,0.0
2623,5,0.0
2624,2,0.0
2625,5,0.0
2626,7,0.0
2627,8,0.0
2628,2,0.0
2629,7,0.0
2630,4,0.0
2631,5,0.0
2632,4,0.0
2633,2,0.0
2634,2,0.0
2635,1,0.0
2636,8,0.0
2637,6,0.0
2638,4,0.0
2639,5,0.0
2640,2,0.0
2641,4,0.0
2642,8,0.0
2643,5,0.0
2644,8,0.0
2645,1,0.0
2646,1,0.0
2647,8,0.0
2648,0,0.0
2649,7,0.0
2650,8,0.0
2651,6,0.0
2652,2,0.0
2653,8,0.0
2654,2,0.0
2655,3,0.0
2656,7,0.0
2657,8,0.0
2658,1,0.0
2659,8,0.0
2660,2,0.0
2661,3,0.0
2662,4,0.0
2663,8,0.0
2664,3,0.0
2665,2,0.0
2666,2,0.0
2667,4,0.0
2668,4,0.0
2669,1,0.0
2670,2,0.0
2671,5,0.0
2672,1,0.0
2673,5,0.0
2674,7,0.0
2675,1,0.0
2676,5,0.0
2677,5,0.0
2678,7,0.0
2679,8,0.0
2680,0,0.0
2681,6,0.0
2682,6,0.0
2683,7,0.0
2684,5,0.0
2685,8,0.0
2686,5,0.0
2687,2,0.0
2688,5,0.0
2689,2,0.0
2690,2,0.0
2691,8,0.0
2692,2,0.0
2693,8,0.0
2694,5,0.0
2695,8,0.0
2696,0,0.0
2697,1,0.0
2698,4,0.0
2699,0,0.0
2700,0,0.0
2701,7,0.0
2702,5,0.0
2703,1,0.0
2704,3,0.0
2705,7,0.0
2706,4,0.0
2707,3,0.0
2708,0,0.0
2709,1,0.0
2710,3,0.0
2711,1,0.0
2712,1,0.0
2713,1,0.0
2714,2,0.0
2715,1,0.0
2716,8,0.0
2717,0,0.0
2718,1,0.0
2719,6,0.0
2720,4,0.0
2721,2,0.0
2722,0,0.0
2723,1,0.0
2724,3,0.0
2725,8,0.0
2726,0,0.0
2727,0,0.0
2728,6,0.0
2729,0,0.0
2730,8,0.0
2731,7,0.0
2732,6,0.0
2733,2,0.0
2734,8,0.0
2735,6,0.0
2736,3,0.0
2737,5,0.0
2738,5,0.0
2739,5,0.0
2740,7,0.0
2741,8,0.0
2742,7,0.0
2743,4,0.0
2744,0,0.0
2745,1,0.0
2746,4,0.0
2747,6,0.0
2748,6,0.0
2749,2,0.0
2750,0,0.0
2751,5,0.0
2752,2,0.0
2753,4,0.0
2754,1,0.0
2755,6,0.0
2756,1,0.0
2757,3,0.0
2758,4,0.0
2759,4,0.0
2760,3,0.0
2761,0,0.0
2762,2,0.0
2763,1,0.0
2764,2,0.0
2765,6,0.0
2766,0,0.0
2767,3,0.0
2768,8,0.0
2769,7,0.0
2770,6,0.0
2771,4,0.0
2772,2,0.0
2773,5,0.0
2774,5,0.0
2775,5,0.0
2776,2,0.0
2777,0,0.0
2778,8,0.0
2779,7,0.0
2780,8,0.0
2781,8,0.0
2782,1,0.0
2783,0,0.0
2784,2,0.0
2785,1,0.0
2786,4,0.0
2787,2,0.0
2788,4,0.0
2789,5,0.0
2790,3,0.0
2791,6,0.0
2792,0,0.0
2793,5,0.0
2794,3,0.0
2795,5,0.0
2796,7,0.0
2797,3,0.0
2798,2,0.0
2799,5,0.0
2800,8,0.0
2801,6,0.0
2802,1,0.0
2803,2,0.0
2804,7,0.0
2805,1,0.0
2806,8,0.0
2807,2,0.0
2808,0,0.0
2809,1,10.0
2810,5,0.0
2811,6,0.0
2812,0,0.0
2813,4,0.0
2814,7,0.0
2815,0,0.0
2816,0,0.0
2817,8,0.0
2818,8,0.0
2819,4,0.0
2820,1,0.0
2821,7,0.0
2822,1,0.0
2823,5,0.0
2824,0,0.0
2825,1,0.0
2826,1,10.0
2827,2,0.0
2828,5,0.0
2829,8,0.0
2830,1,0.0
2831,5,0.0
2832,6,0.0
2833,7,10.0
2834,7,0.0
2835,2,0.0
2836,7,0.0
2837,1,0.0
2838,8,0.0
2839,8,0.0
2840,6,0.0
2841,2,0.0
2842,6,0.0
2843,6,0.0
2844,8,0.0
2845,1,0.0
2846,8,0.0
2847,8,0.0
2848,6,0.0
2849,4,0.0
2850,5,0.0
2851,4,0.0
2852,0,0.0
2853,0,0.0
2854,6,0.0
2855,4,0.0
2856,3,0.0
2857,1,0.0
2858,8,0.0
2859,6,0.0
2860,1,10.0
2861,3,0.0
2862,4,0.0
2863,3,0.0
2864,1,0.0
2865,0,0.0
2866,2,0.0
2867,3,10.0
2868,1,0.0
2869,3,0.0
2870,1,0.0
2871,3,0.0
2872,2,10.0
2873,8,0.0
2874,4,0.0
2875,2,0.0
2876,6,0.0
2877,5,0.0
2878,7,10.0
2879,5,0.0
2880,7,0.0
2881,7,10.0
2882,3,0.0
2883,1,0.0
2884,0,0.0
2885,1,0.0
2886,7,0.0
2887,0,0.0
2888,3,0.0
2889,5,0.0
2890,3,0.0
2891,0,0.0
2892,6,0.0
2893,6,0.0
2894,7,0.0
2895,7,0.0
2896,4,0.0
2897,6,0.0
2898,3,0.0
2899,3,0.0
2900,4,0.0
2901,2,0.0
2902,3,0.0
2903,0,0.0
2904,3,0.0
2905,8,0.0
2906,4,0.0
2907,2,0.0
2908,5,0.0
2909,1,0.0
2910,0,0.0
2911,6,0.0
2912,5,0.0
2913,5,0.0
2914,8,0.0
2915,8,0.0
2916,4,0.0
2917,1,0.0
2918,3,0.0
2919,3,0.0
2920,7,0.0
2921,8,0.0
2922,7,0.0
2923,3,0.0
2924,3,0.0
2925,2,0.0
2926,5,0.0
2927,7,0.0
2928,5,0.0
2929,0,0.0
2930,8,0.0
2931,3,0.0
2932,0,0.0
2933,1,0.0
2934,6,0.0
2935,8,0.0
2936,2,0.0
2937,1,0.0
2938,6,0.0
2939,3,0.0
2940,4,0.0
2941,1,0.0
2942,4,0.0
2943,7,0.0
2944,5,0.0
2945,7,0.0
2946,3,0.0
2947,3,0.0
2948,6,0.0
2949,4,0.0
2950,4,0.0
2951,6,0.0
2952,7,0.0
2953,4,0.0
2954,6,0.0
2955,4,0.0
2956,5,0.0
2957,6,0.0
2958,8,0.0
2959,0,0.0
2960,4,0.0
2961,6,0.0
2962,3,0.0
2963,3,0.0
2964,1,0.0
2965,6,0.0
2966,0,0.0
2967,2,0.0
2968,1,0.0
2969,5,0.0
2970,7,0.0
2971,2,0.0
2972,8,0.0
2973,7,0.0
2974,3,0.0
2975,1,0.0
2976,5,0.0
2977,6,0.0
2978,6,0.0
2979,3,0.0
2980,0,0.0
2981,0,0.0
2982,6,0.0
2983,0,0.0
2984,7,0.0
2985,1,0.0
2986,6,0.0
2987,0,10.0
2988,2,0.0
2989,1,0.0
2990,6,0.0
2991,6,0.0
2992,4,0.0
2993,6,0.0
2994,5,0.0
2995,5,0.0
2996,3,10.0
2997,7,0.0
2998,6,0.0
2999,3,0.0
3000,4,0.0
3001,1,0.0
3002,3,0.0
3003,2,0.0
3004,4,0.0
3005,6,0.0
3006,8,0.0
3007,3,0.0
3008,7,10.0
3009,5,0.0
3010,0,0.0
3011,6,0.0
3012,1,10.0
3013,5,0.0
3014,1,0.0
3015,4,0.0
3016,3,0.0
3017,1,0.0
3018,3,0.0
3019,6,0.0
3020,7,0.0
3021,6,0.0
3022,6,0.0
3023,2,0.0
3024,5,0.0
3025,1,0.0
3026,0,0.0
3027,8,0.0
3028,5,0.0
3029,2,0.0
3030,4,0.0
3031,2,0.0
3032,4,0.0
3033,2,0.0
3034,8,0.0
3035,5,0.0
3036,0,0.0
3037,5,0.0
3038,3,0.0
3039,2,0.0
3040,3,0.0
3041,0,0.0
3042,8,0.0
3043,2,0.0
3044,2,0.0
3045,8,0.0
3046,7,0.0
3047,0,0.0
3048,0,0.0
3049,6,0.0
3050,3,0.0
3051,1,0.0
3052,8,0.0
3053,8,0.0
3054,1,0.0
3055,0,0.0
3056,6,0.0
3057,8,0.0
3058,5,0.0
3059,1,0.0
3060,4,0.0
3061,7,0.0
3062,2,0.0
3063,1,0.0
3064,1,0.0
3065,0,0.0
3066,4,0.0
3067,7,0.0
3068,5,0.0
3069,8,0.0
3070,6,0.0
3071,4,0.0
3072,0,0.0
3073,6,0.0
3074,6,0.0
3075,7,0.0
3076,0,0.0
3077,7,0.0
3078,7,0.0
3079,2,0.0
3080,6,0.0
3081,1,0.0
3082,0,0.0
3083,2,0.0
3084,4,0.0
3085,3,0.0
3086,3,0.0
3087,5,0.0
3088,8,0.0
3089,2,0.0
3090,5,0.0
3091,4,0.0
3092,3,0.0
3093,6,0.0
3094,0,0.0
3095,2,0.0
3096,4,0.0
3097,5,0.0
3098,6,0.0
3099,6,0.0
3100,3,0.0
3101,3,0.0
3102,4,0.0
3103,6,0.0
3104,1,0.0
3105,4,0.0
3106,1,0.0
3107,2,0.0
3108,2,0.0
3109,6,0.0
3110,6,0.0
3111,4,0.0
3112,1,0.0
3113,7,0.0
3114,8,0.0
3115,3,0.0
3116,8,0.0
3117,8,0.0
3118,3,0.0
3119,0,0.0
3120,3,0.0
3121,4,0.0
3122,5,0.0
3123,1,0.0
3124,0,0.0
3125,3,0.0
3126,5,0.0
3127,7,0.0
3128,1,0.0
3129,8,0.0
3130,8,0.0
3131,5,0.0
3132,8,0.0
3133,8,0.0
3134,0,0.0
3135,4,0.0
3136,8,0.0
3137,5,0.0
3138,4,0.0
3139,4,0.0
3140,5,0.0
3141,3,0.0
3142,5,0.0
3143,3,0.0
3144,6,0.0
3145,6,0.0
3146,2,0.0
3147,6,0.0
3148,5,0.0
3149,8,0.0
3150,5,0.0
3151,6,0.0
3152,3,0.0
3153,1,0.0
3154,7,0.0
3155,1,0.0
3156,0,0.0
3157,5,0.0
3158,8,0.0
3159,6,0.0
3160,0,0.0
3161,2,0.0
3162,3,0.0
3163,4,0.0
3164,6,0.0
3165,8,0.0
3166,0,0.0
3167,4,0.0
3168,4,0.0
3169,4,0.0
3170,7,0.0
3171,5,0.0
3172,0,0.0
3173,6,0.0
3174,1,0.0
3175,7,0.0
3176,3,0.0
3177,0,0.0
3178,3,0.0
3179,8,0.0
3180,4,0.0
3181,2,0.0
3182,8,0.0
3183,4,0.0
3184,2,0.0
3185,3,0.0
3186,1,0.0
3187,8,10.0
3188,4,0.0
3189,0,0.0
3190,2,0.0
3191,3,0.0
3192,0,0.0
3193,5,0.0
3194,7,0.0
3195,2,0.0
3196,3,0.0
3197,5,0.0
3198,4,0.0
3199,3,10.0
3200,6,0.0
3201,8,0.0
3202,1,0.0
3203,6,0.0
3204,7,0.0
3205,7,0.0
3206,8,0.0
3207,6,0.0
3208,1,0.0
3209,6,0.0
3210,1,0.0
3211,7,0.0
3212,4,0.0
3213,1,0.0
3214,8,0.0
3215,6,0.0
3216,4,0.0
3217,3,0.0
3218,0,10.0
3219,6,0.0
3220,7,0.0
3221,6,0.0
3222,2,0.0
3223,5,10.0
3224,4,0.0
3225,5,0.0
3226,3,0.0
3227,2,10.0
3228,2,0.0
3229,0,0.0
3230,4,0.0
3231,0,0.0
3232,7,10.0
3233,3,0.0
3234,4,0.0
3235,3,0.0
3236,3,10.0
3237,0,0.0
3238,2,0.0
3239,3,0.0
3240,3,0.0
3241,5,0.0
3242,8,0.0
3243,4,0.0
3244,2,0.0
3245,8,0.0
3246,7,0.0
3247,4,0.0
3248,6,0.0
3249,4,0.0
3250,0,0.0
3251,5,0.0
3252,5,0.0
3253,2,0.0
3254,6,0.0
3255,5,0.0
3256,8,0.0
3257,0,0.0
3258,1,0.0
3259,0,0.0
3260,2,0.0
3261,4,0.0
3262,0,0.0
3263,6,0.0
3264,0,0.0
3265,7,0.0
3266,8,0.0
3267,7,0.0
3268,1,0.0
3269,4,0.0
3270,2,0.0
3271,2,0.0
3272,2,0.0
3273,1,0.0
3274,0,0.0
3275,7,0.0
3276,3,0.0
3277,5,0.0
3278,4,0.0
3279,4,0.0
3280,4,0.0
3281,3,0.0
3282,3,0.0
3283,1,0.0
3284,7,0.0
3285,5,0.0
3286,6,0.0
3287,3,0.0
3288,7,0.0
3289,7,0.0
3290,6,0.0
3291,2,0.0
3292,5,0.0
3293,1,0.0
3294,8,0.0
3295,0,0.0
3296,5,0.0
3297,3,10.0
3298,8,0.0
3299,3,0.0
3300,3,0.0
3301,3,10.0
3302,2,0.0
3303,5,0.0
3304,4,0.0
3305,0,0.0
3306,4,0.0
3307,0,0.0
3308,0,0.0
3309,4,0.0
3310,4,0.0
3311,2,0.0
3312,7,0.0
3313,0,0.0
3314,8,0.0
3315,2,0.0
3316,3,0.0
3317,5,0.0
3318,1,0.0
3319,7,0.0
3320,4,0.0
3321,0,0.0
3322,5,0.0
3323,4,0.0
3324,3,0.0
3325,0,0.0
3326,4,0.0
3327,7,0.0
3328,4,0.0
3329,0,0.0
3330,0,0.0
3331,2,0.0
3332,0,0.0
3333,1,0.0
3334,6,0.0
3335,8,0.0
3336,4,0.0
3337,5,0.0
3338,8,0.0
3339,2,0.0
3340,8,0.0
3341,2,0.0
3342,0,0.0
3343,3,0.0
3344,8,0.0
3345,4,0.0
3346,6,0.0
3347,6,0.0
3348,6,0.0
3349,6,0.0
3350,7,0.0
3351,2,0.0
3352,2,0.0
3353,7,0.0
3354,6,0.0
3355,1,0.0
3356,1,0.0
3357,2,0.0
3358,7,0.0
3359,6,0.0
3360,5,0.0
3361,7,0.0
3362,0,0.0
3363,7,0.0
3364,3,0.0
3365,7,0.0
3366,1,0.0
3367,3,0.0
3368,1,0.0
3369,0,0.0
3370,7,0.0
3371,4,0.0
3372,7,0.0
3373,3,0.0
3374,0,0.0
3375,4,0.0
3376,7,0.0
3377,7,0.0
3378,3,0.0
3379,6,0.0
3380,1,0.0
3381,8,0.0
3382,1,0.0
3383,8,0.0
3384,2,0.0
3385,1,0.0
3386,5,0.0
3387,8,0.0
3388,1,0.0
3389,8,0.0
3390,4,0.0
3391,3,0.0
3392,7,0.0
3393,4,0.0
3394,1,0.0
3395,0,0.0
3396,4,0.0
3397,3,0.0
3398,8,0.0
3399,1,0.0
3400,8,0.0
3401,5,0.0
3402,3,0.0
3403,8,0.0
3404,1,0.0
3405,6,0.0
3406,4,0.0
3407,8,0.0
3408,1,0.0
3409,6,0.0
3410,7,0.0
3411,6,0.0
3412,4,0.0
3413,0,0.0
3414,2,0.0
3415,4,0.0
3416,6,0.0
3417,7,0.0
3418,1,0.0
3419,7,0.0
3420,1,0.0
3421,4,0.0
3422,6,0.0
3423,1,0.0
3424,8,0.0
3425,8,0.0
3426,7,10.0
3427,6,0.0
3428,2,0.0
3429,2,0.0
3430,6,0.0
3431,0,10.0
3432,7,0.0
3433,6,0.0
3434,8,0.0
3435,8,0.0
3436,7,10.0
3437,5,0.0
3438,0,0.0
3439,5,0.0
3440,6,10.0
3441,0,0.0
3442,2,0.0
3443,1,0.0
3444,7,0.0
3445,8,10.0
3446,6,0.0
3447,2,0.0
3448,1,0.0
3449,1,10.0
3450,6,0.0
3451,5,0.0
3452,2,0.0
3453,4,0.0
3454,4,10.0
3455,1,0.0
3456,6,0.0
3457,1,0.0
3458,3,0.0
3459,6,0.0
3460,1,0.0
3461,1,0.0
3462,3,0.0
3463,3,0.0
3464,1,10.0
3465,7,0.0
3466,3,0.0
3467,1,0.0
3468,6,10.0
3469,6,0.0
3470,0,0.0
3471,0,0.0
3472,8,0.0
3473,4,0.0
3474,6,0.0
3475,7,0.0
3476,2,0.0
3477,6,0.0
3478,0,0.0
3479,4,0.0
3480,4,0.0
3481,4,0.0
3482,2,0.0
3483,3,0.0
3484,6,0.0
3485,8,0.0
3486,5,0.0
3487,3,0.0
3488,4,0.0
3489,2,0.0
3490,3,0.0
3491,2,0.0
3492,4,0.0
3493,8,0.0
3494,3,0.0
3495,5,0.0
3496,0,0.0
3497,5,0.0
3498,4,0.0
3499,6,0.0
3500,3,0.0
3501,7,0.0
3502,4,0.0
3503,1,0.0
3504,2,0.0
3505,8,0.0
3506,7,0.0
3507,7,0.0
3508,2,0.0
3509,7,0.0
3510,1,0.0
3511,6,0.0
3512,4,0.0
3513,7,0.0
3514,7,0.0
3515,2,0.0
3516,3,0.0
3517,2,0.0
3518,1,0.0
3519,1,0.0
3520,0,0.0
3521,6,0.0
3522,6,0.0
3523,5,0.0
3524,8,0.0
3525,8,0.0
3526,8,0.0
3527,0,0.0
3528,5,0.0
3529,3,0.0
3530,7,0.0
3531,6,0.0
3532,2,0.0
3533,6,0.0
3534,4,0.0
3535,6,0.0
3536,8,0.0
3537,5,0.0
3538,4,0.0
3539,4,0.0
3540,2,0.0
3541,1,0.0
3542,6,0.0
3543,8,0.0
3544,2,0.0
3545,6,0.0
3546,7,0.0
3547,7,0.0
3548,6,0.0
3549,1,0.0
3550,5,0.0
3551,8,0.0
3552,3,0.0
3553,0,0.0
3554,1,0.0
3555,2,0.0
3556,4,0.0
3557,2,0.0
3558,1,0.0
3559,7,0.0
3560,0,0.0
3561,4,0.0
3562,4,0.0
3563,5,0.0
3564,5,0.0
3565,5,0.0
3566,0,0.0
3567,2,0.0
3568,1,0.0
3569,3,0.0
3570,7,0.0
3571,2,0.0
3572,7,0.0
3573,7,0.0
3574,6,0.0
3575,6,0.0
3576,4,0.0
3577,0,0.0
3578,8,0.0
3579,0,0.0
3580,7,0.0
3581,2,0.0
3582,5,0.0
3583,6,0.0
3584,3,0.0
3585,2,0.0
3586,5,0.0
3587,5,0.0
3588,6,0.0
3589,1,0.0
3590,3,0.0
3591,1,0.0
3592,8,0.0
3593,3,0.0
3594,5,0.0
3595,0,10.0
3596,5,0.0
3597,6,0.0
3598,6,0.0
3599,0,0.0
3600,5,0.0
3601,0,0.0
3602,6,0.0
3603,6,0.0
3604,0,0.0
3605,7,0.0
3606,5,0.0
3607,2,0.0
3608,3,0.0
3609,2,0.0
3610,1,0.0
3611,8,0.0
3612,8,0.0
3613,6,0.0
3614,8,0.0
3615,6,10.0
3616,0,0.0
3617,0,0.0
3618,7,0.0
3619,0,10.0
3620,0,0.0
3621,4,0.0
3622,0,0.0
3623,0,0.0
3624,6,0.0
3625,8,10.0
3626,2,0.0
3627,0,0.0
3628,0,0.0
3629,6,0.0
3630,0,10.0
3631,2,0.0
3632,1,0.0
3633,8,0.0
3634,1,0.0
3635,0,0.0
3636,7,0.0
3637,6,0.0
3638,8,0.0
3639,7,0.0
3640,8,0.0
3641,1,0.0
3642,0,0.0
3643,5,0.0
3644,0,0.0
3645,2,0.0
3646,6,0.0
3647,6,0.0
3648,7,0.0
3649,6,0.0
3650,1,10.0
3651,7,0.0
3652,3,0.0
3653,3,0.0
3654,8,0.0
3655,2,0.0
3656,3,0.0
3657,5,0.0
3658,1,0.0
3659,2,0.0
3660,5,0.0
3661,5,0.0
3662,8,0.0
3663,0,0.0
3664,3,0.0
3665,3,0.0
3666,7,0.0
3667,1,0.0
3668,7,0.0
3669,0,0.0
3670,6,0.0
3671,6,0.0
3672,7,0.0
3673,0,0.0
3674,5,0.0
3675,0,0.0
3676,1,0.0
3677,2,0.0
3678,7,0.0
3679,7,0.0
3680,8,0.0
3681,0,0.0
3682,2,0.0
3683,6,0.0
3684,4,0.0
3685,4,0.0
3686,1,0.0
3687,6,0.0
3688,8,0.0
3689,1,0.0
3690,7,0.0
3691,8,0.0
3692,1,0.0
3693,3,0.0
3694,1,0.0
3695,4,0.0
3696,5,0.0
3697,8,0.0
3698,7,0.0
3699,7,0.0
3700,8,0.0
3701,3,0.0
3702,4,0.0
3703,8,0.0
3704,0,0.0
3705,5,0.0
3706,5,0.0
3707,4,0.0
3708,8,0.0
3709,5,0.0
3710,8,0.0
3711,0,0.0
3712,1,0.0
3713,6,0.0
3714,3,0.0
3715,6,0.0
3716,7,0.0
3717,3,0.0
3718,6,0.0
3719,6,0.0
3720,6,0.0
3721,1,0.0
3722,0,0.0
3723,6,0.0
3724,4,0.0
3725,8,0.0
3726,2,0.0
3727,4,0.0
3728,0,0.0
3729,6,0.0
3730,3,0.0
3731,5,0.0
3732,2,0.0
3733,7,0.0
3734,6,0.0
3735,1,0.0
3736,8,0.0
3737,0,0.0
3738,3,0.0
3739,1,0.0
3740,7,0.0
3741,5,0.0
3742,5,0.0
3743,8,0.0
3744,1,0.0
3745,1,0.0
3746,6,0.0
3747,1,0.0
3748,3,0.0
3749,6,0.0
3750,2,0.0
3751,6,0.0
3752,7,0.0
3753,2,0.0
3754,3,0.0
3755,2,0.0
3756,7,0.0
3757,1,0.0
3758,0,0.0
3759,5,0.0
3760,5,10.0
3761,2,0.0
3762,4,0.0
3763,4,0.0
3764,2,0.0
3765,4,10.0
3766,2,0.0
3767,3,0.0
3768,3,0.0
3769,2,0.0
3770,3,0.0
3771,3,0.0
3772,8,0.0
3773,3,0.0
3774,1,0.0
3775,0,0.0
3776,3,0.0
3777,4,0.0
3778,5,0.0
3779,1,0.0
3780,2,0.0
3781,3,0.0
3782,3,0.0
3783,8,0.0
3784,4,0.0
3785,7,0.0
3786,5,0.0
3787,1,0.0
3788,3,0.0
3789,2,0.0
3790,5,0.0
3791,8,0.0
3792,6,0.0
3793,7,0.0
3794,6,0.0
3795,3,0.0
3796,7,0.0
3797,4,0.0
3798,4,0.0
3799,3,0.0
3800,4,0.0
3801,0,0.0
3802,1,0.0
3803,6,0.0
3804,6,0.0
3805,0,0.0
3806,3,0.0
3807,4,0.0
3808,4,0.0
3809,2,0.0
3810,2,0.0
3811,3,0.0
3812,5,0.0
3813,2,0.0
3814,2,0.0
3815,5,0.0
3816,0,0.0
3817,6,0.0
3818,2,0.0
3819,1,0.0
3820,7,0.0
3821,4,0.0
3822,5,0.0
3823,7,0.0
3824,2,0.0
3825,8,0.0
3826,1,0.0
3827,3,0.0
3828,6,0.0
3829,7,0.0
3830,1,0.0
3831,8,0.0
3832,8,0.0
3833,3,0.0
3834,3,0.0
3835,3,0.0
3836,2,0.0
3837,5,0.0
3838,4,0.0
3839,4,0.0
3840,5,0.0
3841,8,0.0
3842,1,0.0
3843,4,0.0
3844,6,0.0
3845,6,0.0
3846,4,0.0
3847,6,0.0
3848,5,0.0
3849,3,0.0
3850,6,0.0
3851,2,0.0
3852,2,0.0
3853,6,0.0
3854,2,0.0
3855,3,0.0
3856,2,0.0
3857,4,0.0
3858,0,0.0
3859,0,0.0
3860,4,0.0
3861,5,0.0
3862,5,0.0
3863,7,0.0
3864,7,0.0
3865,0,0.0
3866,0,0.0
3867,7,0.0
3868,3,0.0
3869,3,0.0
3870,1,0.0
3871,5,0.0
3872,7,0.0
3873,8,0.0
3874,0,0.0
3875,8,0.0
3876,8,0.0
3877,4,0.0
3878,2,0.0
3879,2,0.0
3880,1,0.0
3881,7,0.0
3882,7,0.0
3883,7,0.0
3884,5,0.0
3885,6,0.0
3886,2,0.0
3887,3,0.0
3888,3,10.0
3889,8,0.0
3890,6,0.0
3891,8,0.0
3892,4,0.0
3893,0,10.0
3894,0,0.0
3895,8,0.0
3896,5,0.0
3897,2,0.0
3898,6,0.0
3899,2,0.0
3900,1,0.0
3901,5,0.0
3902,3,0.0
3903,1,0.0
3904,7,0.0
3905,3,0.0
3906,7,0.0
3907,7,0.0
3908,8,0.0
3909,0,0.0
3910,0,10.0
3911,5,0.0
3912,1,0.0
3913,4,0.0
3914,6,10.0
3915,8,0.0
3916,8,0.0
3917,6,10.0
3918,3,0.0
3919,0,0.0
3920,0,0.0
3921,5,0.0
3922,8,0.0
3923,3,0.0
3924,1,0.0
3925,7,0.0
3926,3,0.0
3927,2,0.0
3928,8,0.0
3929,5,0.0
3930,5,0.0
3931,0,0.0
3932,5,0.0
3933,1,0.0
3934,4,0.0
3935,6,0.0
3936,5,0.0
3937,6,0.0
3938,3,0.0
3939,1,0.0
3940,5,0.0
3941,5,0.0
3942,1,0.0
3943,4,0.0
3944,7,0.0
3945,0,0.0
3946,4,0.0
3947,1,0.0
3948,1,0.0
3949,0,0.0
3950,2,0.0
3951,7,0.0
3952,6,0.0
3953,2,0.0
3954,3,0.0
3955,5,0.0
3956,3,0.0
3957,1,0.0
3958,4,0.0
3959,1,0.0
3960,8,0.0
3961,7,0.0
3962,1,0.0
3963,7,0.0
3964,4,0.0
3965,2,0.0
3966,7,0.0
3967,7,0.0
3968,5,0.0
3969,7,0.0
3970,0,0.0
3971,3,0.0
3972,1,0.0
3973,1,0.0
3974,8,0.0
3975,4,0.0
3976,3,0.0
3977,6,0.0
3978,3,0.0
3979,1,0.0
3980,8,0.0
3981,3,0.0
3982,6,0.0
3983,0,0.0
3984,8,0.0
3985,8,0.0
3986,8,0.0
3987,8,0.0
3988,7,0.0
3989,6,0.0
3990,7,0.0
3991,0,10.0
3992,5,0.0
3993,0,0.0
3994,6,0.0
3995,3,0.0
3996,1,0.0
3997,1,0.0
3998,8,0.0
3999,5,0.0
4000,3,0.0
4001,2,0.0
4002,7,0.0
4003,7,0.0
4004,1,0.0
4005,1,0.0
4006,5,0.0
4007,6,0.0
4008,5,0.0
4009,4,0.0
4010,1,0.0
4011,1,10.0
4012,7,0.0
4013,5,0.0
4014,0,0.0
4015,6,10.0
4016,8,0.0
4017,6,0.0
4018,5,0.0
4019,5,10.0
4020,5,0.0
4021,8,0.0
4022,3,0.0
4023,5,0.0
4024,2,0.0
4025,6,0.0
4026,8,0.0
4027,5,0.0
4028,1,0.0
4029,8,0.0
4030,1,0.0
4031,1,0.0
4032,6,0.0
4033,6,0.0
4034,1,0.0
4035,1,0.0
4036,5,0.0
4037,6,0.0
4038,7,0.0
4039,4,10.0
4040,5,0.0
4041,6,0.0
4042,6,0.0
4043,1,0.0
4044,0,0.0
4045,2,0.0
4046,3,0.0
4047,5,0.0
4048,8,0.0
4049,5,0.0
4050,7,0.0
4051,3,0.0
4052,2,0.0
4053,5,0.0
4054,7,0.0
4055,3,0.0
4056,6,0.0
4057,2,0.0
4058,8,0.0
4059,7,0.0
4060,6,0.0
4061,7,0.0
4062,7,0.0
4063,7,0.0
4064,1,0.0
4065,7,0.0
4066,4,0.0
4067,2,0.0
4068,1,0.0
4069,1,0.0
4070,2,0.0
4071,2,0.0
4072,3,0.0
4073,5,0.0
4074,7,0.0
4075,0,0.0
4076,5,10.0
4077,1,0.0
4078,1,0.0
4079,5,0.0
4080,6,0.0
4081,6,0.0
4082,6,0.0
4083,7,0.0
4084,0,0.0
4085,1,0.0
4086,3,0.0
4087,0,0.0
4088,0,0.0
4089,7,0.0
4090,8,0.0
4091,1,0.0
4092,4,0.0
4093,1,0.0
4094,3,0.0
4095,6,0.0
4096,8,0.0
4097,0,0.0
4098,4,0.0
4099,0,0.0
4100,2,0.0
4101,6,0.0
4102,5,0.0
4103,0,0.0
4104,7,0.0
4105,6,0.0
4106,6,0.0
4107,1,0.0
4108,1,0.0
4109,6,0.0
4110,3,0.0
4111,0,0.0
4112,4,0.0
4113,2,0.0
4114,3,0.0
4115,3,0.0
4116,0,0.0
4117,2,0.0
4118,3,0.0
4119,5,0.0
4120,8,0.0
4121,1,0.0
4122,8,0.0
4123,0,0.0
4124,1,0.0
4125,0,0.0
4126,6,0.0
4127,4,0.0
4128,7,0.0
4129,2,0.0
4130,2,0.0
4131,5,0.0
4132,8,0.0
4133,1,0.0
4134,7,0.0
4135,1,0.0
4136,4,0.0
4137,8,0.0
4138,8,0.0
4139,5,0.0
4140,7,0.0
4141,5,0.0
4142,6,0.0
4143,7,0.0
4144,8,0.0
4145,4,0.0
4146,3,0.0
4147,3,0.0
4148,6,0.0
4149,8,0.0
4150,2,0.0
4151,8,0.0
4152,3,0.0
4153,7,0.0
4154,5,0.0
4155,4,0.0
4156,0,0.0
4157,2,0.0
4158,1,0.0
4159,7,0.0
4160,5,0.0
4161,1,0.0
4162,1,0.0
4163,6,0.0
4164,8,0.0
4165,5,0.0
4166,3,0.0
4167,6,0.0
4168,8,0.0
4169,5,0.0
4170,5,0.0
4171,8,0.0
4172,8,0.0
4173,0,0.0
4174,7,0.0
4175,2,0.0
4176,1,0.0
4177,6,0.0
4178,8,0.0
4179,0,0.0
4180,8,0.0
4181,6,0.0
4182,5,0.0
4183,2,0.0
4184,2,0.0
4185,0,0.0
4186,1,0.0
4187,2,0.0
4188,0,0.0
4189,4,0.0
4190,6,0.0
4191,6,0.0
4192,3,0.0
4193,0,0.0
4194,8,0.0
4195,7,0.0
4196,1,0.0
4197,6,0.0
4198,7,0.0
4199,6,0.0
4200,6,0.0
4201,0,0.0
4202,1,0.0
4203,7,0.0
4204,5,0.0
4205,8,0.0
4206,7,0.0
4207,4,0.0
4208,7,0.0
4209,8,0.0
4210,3,0.0
4211,5,0.0
4212,7,0.0
4213,2,0.0
4214,1,0.0
4215,3,0.0
4216,1,0.0
4217,0,0.0
4218,1,0.0
4219,0,0.0
4220,4,0.0
4221,7,0.0
4222,1,0.0
4223,7,0.0
4224,7,0.0
4225,2,0.0
4226,8,10.0
4227,1,0.0
4228,4,0.0
4229,2,0.0
4230,4,0.0
4231,1,0.0
4232,5,0.0
4233,7,10.0
4234,6,0.0
4235,7,0.0
4236,5,0.0
4237,8,0.0
4238,1,0.0
4239,1,0.0
4240,7,0.0
4241,5,0.0
4242,7,0.0
4243,5,0.0
4244,4,0.0
4245,6,0.0
4246,3,0.0
4247,1,0.0
4248,4,0.0
4249,2,0.0
4250,5,0.0
4251,3,0.0
4252,7,0.0
4253,3,10.0
4254,3,0.0
4255,2,0.0
4256,2,0.0
4257,4,0.0
4258,8,0.0
4259,2,0.0
4260,4,0.0
4261,2,0.0
4262,4,0.0
4263,8,0.0
4264,7,0.0
4265,4,0.0
4266,2,0.0
4267,0,0.0
4268,1,0.0
4269,6,0.0
4270,2,0.0
4271,3,0.0
4272,8,0.0
4273,3,0.0
4274,5,0.0
4275,5,0.0
4276,6,0.0
4277,1,0.0
4278,5,0.0
4279,1,0.0
4280,3,0.0
4281,0,0.0
4282,8,0.0
4283,6,0.0
4284,4,0.0
4285,2,0.0
4286,0,0.0
4287,6,0.0
4288,4,0.0
4289,1,0.0
4290,8,0.0
4291,6,0.0
4292,6,0.0
4293,5,0.0
4294,7,0.0
4295,5,0.0
4296,4,0.0
4297,4,0.0
4298,5,0.0
4299,0,0.0
4300,4,0.0
4301,6,0.0
4302,6,0.0
4303,1,0.0
4304,5,0.0
4305,7,0.0
4306,0,0.0
4307,3,10.0
4308,3,0.0
4309,7,0.0
4310,6,0.0
4311,5,0.0
4312,8,0.0
4313,4,0.0
4314,6,0.0
4315,2,0.0
4316,0,0.0
4317,6,0.0
4318,1,0.0
4319,1,0.0
4320,7,0.0
4321,8,0.0
4322,7,0.0
4323,2,0.0
4324,2,0.0
4325,0,0.0
4326,4,0.0
4327,5,0.0
4328,0,0.0
4329,4,0.0
4330,6,0.0
4331,1,0.0
4332,7,0.0
4333,6,0.0
4334,1,0.0
4335,7,0.0
4336,8,0.0
4337,0,0.0
4338,1,0.0
4339,4,0.0
4340,3,0.0
4341,6,0.0
4342,6,0.0
4343,3,0.0
4344,4,0.0
4345,7,0.0
4346,0,0.0
4347,0,0.0
4348,0,0.0
4349,1,0.0
4350,5,0.0
4351,1,0.0
4352,1,0.0
4353,7,0.0
4354,5,0.0
4355,6,0.0
4356,1,0.0
4357,8,0.0
4358,4,0.0
4359,5,0.0
4360,7,0.0
4361,3,0.0
4362,6,0.0
4363,8,0.0
4364,6,0.0
4365,8,0.0
4366,5,0.0
4367,2,0.0
4368,4,0.0
4369,4,0.0
4370,6,0.0
4371,5,0.0
4372,0,0.0
4373,4,0.0
4374,3,0.0
4375,7,0.0
4376,5,0.0
4377,7,0.0
4378,8,0.0
4379,5,0.0
4380,7,0.0
4381,0,0.0
4382,2,0.0
4383,5,0.0
4384,1,0.0
4385,8,0.0
4386,8,0.0
4387,5,0.0
4388,6,0.0
4389,1,0.0
4390,6,0.0
4391,4,0.0
4392,8,0.0
4393,6,0.0
4394,6,0.0
4395,3,0.0
4396,8,0.0
4397,3,0.0
4398,4,0.0
4399,1,0.0
4400,5,0.0
4401,8,0.0
4402,5,0.0
4403,8,0.0
4404,6,0.0
4405,6,0.0
4406,3,0.0
4407,3,0.0
4408,7,0.0
4409,8,0.0
4410,1,0.0
4411,1,0.0
4412,4,0.0
4413,2,0.0
4414,6,0.0
4415,5,0.0
4416,3,0.0
4417,2,0.0
4418,6,0.0
4419,3,0.0
4420,8,0.0
4421,8,0.0
4422,5,0.0
4423,5,0.0
4424,3,0.0
4425,2,0.0
4426,3,0.0
4427,3,0.0
4428,4,0.0
4429,5,0.0
4430,7,0.0
4431,5,0.0
4432,1,0.0
4433,3,0.0
4434,4,0.0
4435,6,0.0
4436,5,0.0
4437,1,0.0
4438,1,0.0
4439,5,0.0
4440,1,0.0
4441,1,0.0
4442,2,0.0
4443,8,0.0
4444,4,0.0
4445,0,0.0
4446,2,0.0
4447,5,0.0
4448,0,0.0
4449,1,10.0
4450,6,0.0
4451,8,0.0
4452,7,0.0
4453,3,0.0
4454,7,0.0
4455,5,0.0
4456,6,0.0
4457,6,0.0
4458,6,0.0
4459,4,0.0
4460,4,10.0
4461,8,0.0
4462,8,0.0
4463,1,0.0
4464,7,0.0
4465,0,0.0
4466,8,0.0
4467,8,0.0
4468,0,10.0
4469,1,0.0
4470,6,0.0
4471,3,0.0
4472,2,0.0
4473,7,0.0
4474,7,0.0
4475,5,0.0
4476,3,10.0
4477,8,0.0
4478,8,0.0
4479,3,0.0
4480,0,0.0
4481,0,10.0
4482,5,0.0
4483,2,0.0
4484,0,0.0
4485,0,0.0
4486,6,0.0
4487,3,0.0
4488,3,0.0
4489,3,0.0
4490,6,0.0
4491,4,0.0
4492,0,0.0
4493,1,0.0
4494,1,0.0
4495,0,0.0
4496,5,0.0
4497,8,0.0
4498,4,0.0
4499,3,0.0
4500,1,0.0
4501,1,0.0
4502,6,0.0
4503,3,0.0
4504,0,0.0
4505,5,0.0
4506,5,0.0
4507,5,0.0
4508,4,0.0
4509,6,0.0
4510,6,0.0
4511,5,0.0
4512,0,0.0
4513,1,0.0
4514,4,0.0
4515,2,0.0
4516,4,0.0
4517,2,0.0
4518,3,0.0
4519,8,0.0
4520,1,0.0
4521,0,0.0
4522,5,0.0
4523,4,0.0
4524,3,0.0
4525,8,0.0
4526,3,10.0
4527,4,0.0
4528,5,0.0
4529,4,0.0
4530,6,10.0
4531,8,0.0
4532,0,0.0
4533,4,0.0
4534,5,0.0
4535,0,0.0
4536,1,10.0
4537,5,0.0
4538,7,0.0
4539,1,0.0
4540,6,0.0
4541,8,0.0
4542,3,0.0
4543,8,0.0
4544,2,0.0
4545,8,0.0
4546,3,10.0
4547,4,0.0
4548,2,0.0
4549,7,0.0
4550,7,0.0
4551,7,0.0
4552,3,0.0
4553,2,0.0
4554,1,0.0
4555,6,0.0
4556,5,0.0
4557,2,0.0
4558,8,0.0
4559,4,0.0
4560,6,0.0
4561,7,0.0
4562,0,0.0
4563,5,0.0
4564,8,0.0
4565,6,0.0
4566,0,0.0
4567,6,0.0
4568,1,0.0
4569,0,0.0
4570,4,0.0
4571,1,0.0
4572,1,0.0
4573,5,0.0
4574,8,0.0
4575,7,0.0
4576,4,0.0
4577,0,0.0
4578,6,0.0
4579,0,0.0
4580,5,0.0
4581,2,0.0
4582,6,0.0
4583,4,0.0
4584,5,0.0
4585,5,0.0
4586,5,0.0
4587,4,0.0
4588,7,0.0
4589,5,0.0
4590,5,0.0
4591,5,0.0
4592,3,0.0
4593,0,0.0
4594,4,0.0
4595,4,0.0
4596,6,0.0
4597,7,0.0
4598,6,0.0
4599,5,0.0
4600,6,0.0
4601,2,0.0
4602,3,0.0
4603,2,0.0
4604,7,0.0
4605,4,0.0
4606,7,0.0
4607,6,0.0
4608,6,0.0
4609,4,0.0
4610,5,0.0
4611,4,0.0
4612,7,0.0
4613,8,0.0
4614,7,0.0
4615,6,0.0
4616,5,0.0
4617,6,0.0
4618,3,0.0
4619,0,0.0
4620,6,0.0
4621,2,0.0
4622,1,0.0
4623,5,0.0
4624,2,0.0
4625,1,0.0
4626,2,0.0
4627,1,0.0
4628,4,0.0
4629,8,0.0
4630,3,0.0
4631,4,0.0
4632,3,0.0
4633,2,0.0
4634,8,0.0
4635,0,0.0
4636,2,0.0
4637,5,0.0
4638,3,0.0
4639,8,0.0
4640,1,0.0
4641,2,0.0
4642,4,0.0
4643,2,0.0
4644,4,0.0
4645,8,0.0
4646,7,0.0
4647,5,0.0
4648,3,0.0
4649,4,0.0
4650,6,0.0
4651,5,0.0
4652,3,0.0
4653,7,0.0
4654,6,0.0
4655,0,0.0
4656,5,0.0
4657,4,0.0
4658,4,0.0
4659,0,0.0
4660,6,0.0
4661,1,0.0
4662,2,0.0
4663,5,0.0
4664,2,0.0
4665,0,0.0
4666,0,0.0
4667,6,0.0
4668,1,0.0
4669,2,0.0
4670,7,0.0
4671,3,0.0
4672,6,0.0
4673,4,0.0
4674,8,0.0
4675,4,0.0
4676,1,0.0
4677,5,0.0
4678,8,0.0
4679,1,0.0
4680,0,0.0
4681,3,0.0
4682,1,0.0
4683,2,0.0
4684,7,0.0
4685,0,0.0
4686,2,0.0
4687,2,0.0
4688,2,0.0
4689,1,0.0
4690,6,0.0
4691,3,0.0
4692,3,0.0
4693,6,0.0
4694,4,0.0
4695,6,0.0
4696,5,0.0
4697,4,0.0
4698,0,0.0
4699,0,0.0
4700,1,0.0
4701,2,0.0
4702,5,0.0
4703,6,0.0
4704,0,0.0
4705,7,0.0
4706,0,0.0
4707,2,0.0
4708,1,0.0
4709,0,0.0
4710,2,0.0
4711,0,10.0
4712,3,0.0
4713,0,0.0
4714,2,0.0
4715,8,0.0
4716,4,0.0
4717,8,0.0
4718,5,0.0
4719,4,0.0
4720,2,0.0
4721,3,0.0
4722,8,0.0
4723,6,0.0
4724,8,0.0
4725,1,0.0
4726,3,0.0
4727,7,0.0
4728,4,0.0
4729,8,0.0
4730,0,0.0
4731,5,0.0
4732,8,0.0
4733,1,0.0
4734,6,0.0
4735,8,0.0
4736,3,0.0
4737,1,0.0
4738,1,10.0
4739,0,0.0
4740,0,0.0
4741,0,0.0
4742,0,0.0
4743,0,0.0
4744,3,0.0
4745,2,0.0
4746,6,0.0
4747,7,0.0
4748,6,0.0
4749,6,0.0
4750,5,0.0
4751,4,0.0
4752,4,0.0
4753,0,0.0
4754,8,0.0
4755,4,0.0
4756,7,0.0
4757,0,0.0
4758,1,0.0
4759,3,0.0
4760,6,0.0
4761,3,0.0
4762,8,0.0
4763,2,0.0
4764,4,0.0
4765,3,0.0
4766,4,0.0
4767,8,0.0
4768,1,0.0
4769,6,0.0
4770,6,0.0
4771,1,0.0
4772,6,0.0
4773,0,0.0
4774,8,0.0
4775,6,0.0
4776,6,0.0
4777,1,0.0
4778,6,0.0
4779,8,0.0
4780,7,0.0
4781,5,0.0
4782,7,0.0
4783,1,0.0
4784,7,0.0
4785,8,0.0
4786,2,0.0
4787,4,0.0
4788,7,0.0
4789,7,0.0
4790,0,0.0
4791,1,0.0
4792,8,0.0
4793,8,0.0
4794,1,0.0
4795,2,0.0
4796,1,0.0
4797,6,0.0
4798,7,0.0
4799,8,0.0
4800,2,0.0
4801,1,0.0
4802,8,0.0
4803,2,0.0
4804,0,0.0
4805,5,0.0
4806,5,0.0
4807,3,0.0
4808,3,0.0
4809,5,0.0
4810,5,0.0
4811,5,0.0
4812,2,0.0
4813,8,0.0
4814,8,0.0
4815,0,0.0
4816,4,0.0
4817,3,0.0
4818,6,0.0
4819,7,0.0
4820,5,0.0
4821,8,0.0
4822,8,0.0
4823,6,0.0
4824,1,0.0
4825,2,0.0
4826,1,0.0
4827,5,0.0
4828,1,0.0
4829,7,0.0
4830,0,0.0
4831,8,0.0
4832,3,0.0
4833,4,0.0
4834,8,0.0
4835,0,0.0
4836,3,0.0
4837,7,0.0
4838,3,0.0
4839,2,0.0
4840,3,0.0
4841,1,0.0
4842,8,0.0
4843,6,0.0
4844,3,0.0
4845,7,0.0
4846,1,0.0
4847,7,0.0
4848,0,0.0
4849,1,0.0
4850,4,0.0
4851,7,0.0
4852,4,0.0
4853,3,0.0
4854,8,0.0
4855,3,0.0
4856,6,0.0
4857,3,0.0
4858,5,0.0
4859,2,0.0
4860,2,0.0
4861,1,0.0
4862,8,0.0
4863,1,0.0
4864,3,0.0
4865,1,0.0
4866,1,0.0
4867,1,0.0
4868,0,0.0
4869,7,0.0
4870,3,0.0
4871,5,0.0
4872,2,0.0
4873,8,0.0
4874,2,0.0
4875,7,0.0
4876,6,0.0
4877,7,0.0
4878,7,0.0
4879,6,0.0
4880,8,0.0
4881,2,0.0
4882,5,0.0
4883,6,0.0
4884,2,0.0
4885,6,0.0
4886,6,0.0
4887,4,0.0
4888,0,0.0
4889,3,0.0
4890,4,0.0
4891,1,0.0
4892,2,0.0
4893,7,0.0
4894,2,0.0
4895,6,0.0
4896,8,0.0
4897,5,0.0
4898,7,0.0
4899,2,0.0
4900,7,0.0
4901,6,0.0
4902,2,0.0
4903,1,0.0
4904,2,0.0
4905,0,0.0
4906,2,0.0
4907,1,0.0
4908,4,0.0
4909,1,0.0
4910,1,0.0
4911,1,0.0
4912,3,0.0
4913,0,0.0
4914,5,0.0
4915,7,0.0
4916,5,0.0
4917,2,0.0
4918,1,0.0
4919,8,0.0
4920,2,0.0
4921,0,0.0
4922,6,0.0
4923,8,0.0
4924,7,0.0
4925,8,0.0
4926,6,0.0
4927,5,0.0
4928,7,0.0
4929,2,0.0
4930,4,0.0
4931,4,0.0
4932,1,0.0
4933,3,0.0
4934,2,0.0
4935,3,0.0
4936,2,0.0
4937,6,0.0
4938,4,0.0
4939,0,0.0
4940,8,0.0
4941,7,0.0
4942,4,0.0
4943,4,0.0
4944,4,0.0
4945,5,0.0
4946,4,0.0
4947,3,0.0
4948,3,0.0
4949,6,0.0
4950,5,0.0
4951,0,0.0
4952,1,0.0
4953,2,0.0
4954,2,0.0
4955,7,0.0
4956,7,0.0
4957,0,0.0
4958,3,0.0
4959,2,0.0
4960,8,0.0
4961,2,0.0
4962,6,0.0
4963,3,0.0
4964,0,0.0
4965,3,0.0
4966,4,0.0
4967,8,0.0
4968,1,0.0
4969,3,0.0
4970,5,0.0
4971,5,0.0
4972,6,0.0
4973,4,0.0
4974,3,0.0
4975,1,0.0
4976,1,0.0
4977,8,0.0
4978,0,0.0
4979,4,10.0
4980,2,0.0
4981,1,0.0
4982,6,0.0
4983,8,0.0
4984,8,0.0
4985,0,0.0
4986,7,0.0
4987,3,0.0
4988,7,0.0
4989,0,0.0
4990,3,0.0
4991,0,0.0
4992,8,0.0
4993,7,0.0
4994,2,0.0
4995,6,0.0
4996,5,0.0
4997,1,0.0
4998,7,0.0
4999,4,0.0
5000,8,0.0
5001,3,0.0
5002,5,0.0
5003,4,0.0
5004,3,0.0
5005,5,0.0
5006,8,0.0
5007,6,0.0
5008,7,0.0
5009,6,0.0
5010,3,0.0
5011,5,0.0
5012,4,0.0
5013,2,0.0
5014,4,0.0
5015,4,0.0
5016,3,0.0
5017,3,0.0
5018,2,0.0
5019,6,0.0
5020,2,0.0
5021,4,0.0
5022,1,0.0
5023,2,10.0
5024,3,0.0
5025,6,0.0
5026,0,0.0
5027,4,0.0
5028,8,0.0
5029,5,0.0
5030,0,0.0
5031,7,0.0
5032,4,0.0
5033,4,0.0
5034,8,0.0
5035,0,0.0
5036,2,0.0
5037,8,0.0
5038,8,0.0
5039,8,0.0
5040,8,0.0
5041,5,0.0
5042,7,0.0
5043,4,0.0
5044,8,0.0
5045,8,0.0
5046,3,0.0
5047,8,0.0
5048,2,0.0
5049,1,0.0
5050,6,0.0
5051,1,0.0
5052,1,0.0
5053,6,0.0
5054,8,0.0
5055,6,0.0
5056,4,10.0
5057,7,0.0
5058,7,0.0
5059,6,0.0
5060,3,0.0
5061,5,0.0
5062,0,0.0
5063,7,0.0
5064,4,0.0
5065,1,0.0
5066,2,0.0
5067,3,0.0
5068,7,0.0
5069,2,0.0
5070,7,0.0
5071,3,0.0
5072,5,0.0
5073,1,0.0
5074,1,0.0
5075,8,0.0
5076,6,0.0
5077,5,0.0
5078,7,0.0
5079,5,0.0
5080,3,0.0
5081,1,0.0
5082,2,0.0
5083,0,0.0
5084,3,0.0
5085,4,0.0
5086,6,0.0
5087,5,0.0
5088,5,0.0
5089,1,0.0
5090,8,0.0
5091,4,0.0
5092,5,0.0
5093,3,0.0
5094,2,0.0
5095,5,0.0
5096,0,0.0
5097,8,0.0
5098,6,0.0
5099,1,0.0
5100,1,0.0
5101,4,0.0
5102,3,0.0
5103,5,0.0
5104,2,0.0
5105,1,0.0
5106,0,0.0
5107,5,0.0
5108,7,0.0
5109,6,0.0
5110,2,0.0
5111,6,0.0
5112,8,0.0
5113,6,0.0
5114,0,0.0
5115,8,0.0
5116,4,0.0
5117,1,0.0
5118,2,0.0
5119,3,0.0
5120,4,0.0
5121,3,0.0
5122,1,0.0
5123,2,0.0
5124,7,0.0
5125,1,0.0
5126,4,0.0
5127,3,0.0
5128,2,0.0
5129,3,0.0
5130,1,0.0
5131,2,0.0
5132,7,0.0
5133,3,0.0
5134,6,0.0
5135,0,0.0
5136,4,0.0
5137,7,0.0
5138,4,0.0
5139,8,0.0
5140,2,0.0
5141,7,0.0
5142,2,0.0
5143,7,0.0
5144,0,0.0
5145,1,0.0
5146,1,0.0
5147,4,0.0
5148,7,0.0
5149,3,0.0
5150,6,0.0
5151,0,0.0
5152,6,0.0
5153,4,0.0
5154,2,0.0
5155,1,0.0
5156,8,0.0
5157,3,0.0
5158,3,0.0
5159,7,0.0
5160,5,0.0
5161,0,0.0
5162,3,0.0
5163,4,0.0
5164,1,0.0
5165,4,0.0
5166,5,0.0
5167,7,0.0
5168,1,0.0
5169,1,0.0
5170,2,0.0
5171,5,0.0
5172,5,0.0
5173,7,0.0
5174,0,0.0
5175,2,0.0
5176,1,0.0
5177,8,0.0
5178,4,0.0
5179,1,0.0
5180,4,0.0
5181,0,0.0
5182,7,0.0
5183,7,0.0
5184,7,0.0
5185,3,0.0
5186,7,0.0
5187,7,0.0
5188,2,0.0
5189,6,0.0
5190,1,0.0
5191,7,0.0
5192,8,0.0
5193,8,0.0
5194,4,0.0
5195,4,0.0
5196,0,0.0
5197,5,0.0
5198,1,0.0
5199,7,0.0
5200,2,0.0
5201,1,0.0
5202,7,0.0
5203,8,0.0
5204,0,0.0
5205,4,0.0
5206,7,0.0
5207,6,0.0
5208,7,0.0
5209,6,0.0
5210,5,0.0
5211,1,0.0
5212,6,0.0
5213,8,0.0
5214,8,0.0
5215,6,0.0
5216,5,0.0
5217,3,0.0
5218,8,0.0
5219,7,0.0
5220,7,0.0
5221,4,0.0
5222,2,0.0
5223,6,0.0
5224,5,0.0
5225,2,0.0
5226,7,0.0
5227,3,0.0
5228,7,0.0
5229,6,0.0
5230,3,0.0
5231,1,0.0
5232,1,0.0
5233,6,0.0
5234,8,0.0
5235,7,0.0
5236,7,0.0
5237,8,0.0
5238,1,0.0
5239,7,0.0
5240,2,0.0
5241,4,0.0
5242,1,0.0
5243,3,0.0
5244,2,0.0
5245,8,0.0
5246,4,0.0
5247,2,0.0
5248,6,0.0
5249,6,0.0
5250,1,0.0
5251,6,0.0
5252,5,0.0
5253,5,0.0
5254,1,0.0
5255,7,0.0
5256,8,0.0
5257,3,0.0
5258,6,0.0
5259,2,0.0
5260,3,0.0
5261,5,0.0
5262,1,0.0
5263,3,0.0
5264,3,0.0
5265,4,0.0
5266,5,0.0
5267,5,0.0
5268,4,0.0
5269,1,0.0
5270,7,0.0
5271,7,0.0
5272,6,0.0
5273,3,0.0
5274,2,0.0
5275,7,0.0
5276,6,0.0
5277,4,0.0
5278,7,0.0
5279,3,0.0
5280,1,0.0
5281,8,0.0
5282,4,0.0
5283,3,0.0
5284,6,0.0
5285,6,0.0
5286,8,0.0
5287,3,0.0
5288,3,0.0
5289,0,0.0
5290,0,0.0
5291,5,10.0
5292,1,0.0
5293,5,0.0
5294,4,0.0
5295,1,0.0
5296,8,0.0
5297,1,0.0
5298,3,0.0
5299,6,0.0
5300,3,0.0
5301,5,0.0
5302,5,0.0
5303,1,0.0
5304,4,0.0
5305,3,0.0
5306,1,0.0
5307,4,0.0
5308,2,0.0
5309,1,0.0
5310,1,0.0
5311,3,0.0
5312,3,0.0
5313,8,0.0
5314,1,0.0
5315,0,0.0
5316,1,0.0
5317,0,0.0
5318,4,0.0
5319,3,0.0
5320,2,0.0
5321,6,0.0
5322,8,0.0
5323,5,0.0
5324,2,0.0
5325,7,0.0
5326,4,0.0
5327,6,0.0
5328,2,0.0
5329,7,0.0
5330,7,0.0
5331,0,0.0
5332,7,0.0
5333,7,0.0
5334,6,0.0
5335,5,0.0
5336,3,0.0
5337,1,0.0
5338,1,0.0
5339,8,0.0
5340,0,0.0
5341,8,0.0
5342,3,0.0
5343,3,0.0
5344,3,0.0
5345,7,0.0
5346,4,0.0
5347,3,0.0
5348,2,0.0
5349,4,0.0
5350,5,0.0
5351,7,0.0
5352,1,0.0
5353,3,0.0
5354,7,0.0
5355,7,0.0
5356,7,0.0
5357,5,0.0
5358,5,0.0
5359,0,0.0
5360,2,0.0
5361,6,0.0
5362,3,0.0
5363,0,0.0
5364,0,0.0
5365,4,0.0
5366,8,0.0
5367,5,0.0
5368,7,0.0
5369,6,0.0
5370,4,0.0
5371,4,0.0
5372,3,0.0
5373,4,0.0
5374,1,0.0
5375,1,0.0
5376,8,0.0
5377,3,0.0
5378,8,10.0
5379,4,0.0
5380,7,0.0
5381,7,0.0
5382,0,0.0
5383,6,10.0
5384,8,0.0
5385,6,0.0
5386,3,0.0
5387,8,0.0
5388,7,10.0
5389,4,0.0
5390,8,0.0
5391,1,0.0
5392,5,0.0
5393,2,0.0
5394,7,0.0
5395,7,10.0
5396,4,0.0
5397,3,0.0
5398,3,0.0
5399,3,0.0
5400,3,10.0
5401,6,0.0
5402,8,0.0
5403,5,0.0
5404,4,0.0
5405,1,0.0
5406,7,10.0
5407,4,0.0
5408,1,0.0
5409,6,0.0
5410,0,0.0
5411,2,0.0
5412,8,0.0
5413,7,0.0
5414,1,0.0
5415,7,0.0
5416,4,10.0
5417,5,0.0
5418,2,0.0
5419,6,0.0
5420,4,0.0
5421,7,0.0
5422,7,0.0
5423,8,0.0
5424,1,0.0
5425,8,0.0
5426,3,0.0
5427,5,0.0
5428,6,0.0
5429,3,0.0
5430,4,0.0
5431,1,0.0
5432,7,0.0
5433,2,0.0
5434,5,0.0
5435,8,0.0
5436,2,0.0
5437,3,0.0
5438,8,0.0
5439,7,0.0
5440,8,0.0
5441,0,0.0
5442,3,0.0
5443,6,0.0
5444,0,0.0
5445,6,0.0
5446,2,0.0
5447,0,0.0
5448,1,0.0
5449,6,0.0
5450,3,0.0
5451,4,0.0
5452,1,0.0
5453,1,0.0
5454,4,0.0
5455,8,0.0
5456,2,0.0
5457,3,0.0
5458,1,0.0
5459,8,0.0
5460,5,0.0
5461,2,0.0
5462,0,0.0
5463,7,0.0
5464,8,0.0
5465,7,0.0
5466,7,0.0
5467,7,0.0
5468,0,0.0
5469,2,0.0
5470,4,0.0
5471,2,0.0
5472,0,0.0
5473,5,0.0
5474,8,0.0
5475,3,0.0
5476,8,0.0
5477,6,0.0
5478,3,0.0
5479,1,0.0
5480,5,0.0
5481,2,0.0
5482,3,0.0
5483,7,0.0
5484,2,0.0
5485,1,0.0
5486,0,0.0
5487,6,0.0
5488,8,0.0
5489,4,0.0
5490,3,0.0
5491,6,0.0
5492,3,0.0
5493,2,0.0
5494,4,0.0
5495,6,0.0
5496,1,0.0
5497,7,0.0
5498,5,0.0
5499,4,0.0
5500,1,0.0
5501,4,0.0
5502,5,0.0
5503,7,0.0
5504,3,0.0
5505,8,0.0
5506,7,0.0
5507,5,0.0
5508,4,0.0
5509,4,0.0
5510,4,0.0
5511,7,0.0
5512,8,0.0
5513,4,0.0
5514,4,0.0
5515,6,0.0
5516,2,0.0
5517,5,0.0
5518,7,0.0
5519,1,0.0
5520,3,0.0
5521,0,0.0
5522,4,0.0
5523,5,0.0
5524,0,0.0
5525,2,0.0
5526,1,0.0
5527,4,0.0
5528,0,10.0
5529,8,0.0
5530,0,0.0
5531,3,0.0
5532,6,0.0
5533,7,0.0
5534,0,0.0
5535,7,0.0
5536,2,0.0
5537,3,0.0
5538,6,0.0
5539,2,0.0
5540,0,0.0
5541,4,0.0
5542,1,0.0
5543,0,0.0
5544,3,10.0
5545,2,0.0
5546,3,0.0
5547,3,0.0
5548,1,0.0
5549,8,0.0
5550,1,0.0
5551,8,0.0
5552,6,0.0
5553,1,0.0
5554,0,0.0
5555,7,0.0
5556,0,0.0
5557,1,0.0
5558,4,0.0
5559,7,0.0
5560,8,0.0
5561,3,0.0
5562,7,0.0
5563,0,0.0
5564,1,0.0
5565,3,0.0
5566,6,0.0
5567,4,0.0
5568,2,0.0
5569,0,0.0
5570,1,0.0
5571,5,0.0
5572,4,0.0
5573,5,0.0
5574,5,0.0
5575,7,0.0
5576,0,0.0
5577,2,0.0
5578,6,0.0
5579,0,0.0
5580,5,0.0
5581,0,0.0
5582,4,0.0
5583,7,0.0
5584,7,0.0
